APR-19 ,1,2,21
APR-19 ,1,3,362
APR-19 ,1,4,55851
APR-19 ,1,9,188
APR-19 ,1,10,2
APR-19 ,1,11,9182
APR-19 ,1,13,465
APR-19 ,2,1,11
APR-19 ,2,2,2
APR-19 ,2,3,32
APR-19 ,2,4,1370
APR-19 ,2,6,13
APR-19 ,2,9,16
APR-19 ,2,11,1089
APR-19 ,2,13,64
APR-19 ,3,4,25506
APR-19 ,3,8,1095
APR-19 ,3,11,3390
APR-19 ,3,13,834
APR-19 ,4,4,5893
APR-19 ,4,11,654
APR-19 ,4,13,61
APR-19 ,5,4,1027
APR-19 ,5,11,142
APR-19 ,6,4,5333
APR-19 ,6,11,109
APR-19 ,7,4,3508
APR-19 ,7,11,33
APR-19 ,8,8,12430
APR-19 ,8,11,1103
APR-19 ,8,13,241
APR-19 ,9,4,62
APR-19 ,9,11,3
APR-19 ,10,4,202
APR-19 ,10,10,3
APR-19 ,10,11,17
APR-19 ,11,3,124
APR-19 ,11,4,6229
APR-19 ,11,5,138
APR-19 ,11,9,64
APR-19 ,11,11,164
APR-19 ,11,13,271
APR-19 ,12,3,36
APR-19 ,12,4,2667
APR-19 ,12,5,27
APR-19 ,12,9,18
APR-19 ,12,11,163
APR-19 ,12,13,357
APR-19 ,13,3,68
APR-19 ,13,4,1818
APR-19 ,13,5,10
APR-19 ,13,9,34
APR-19 ,13,11,65
APR-19 ,13,13,94
APR-19 ,14,4,1736
APR-19 ,14,11,80
APR-19 ,15,4,604
APR-19 ,15,11,129
APR-19 ,16,4,511
APR-19 ,16,10,1
APR-19 ,16,11,39
APR-19 ,17,4,82
APR-19 ,17,11,8
APR-19 ,18,4,253
APR-19 ,18,11,14
APR-19 ,19,4,3
APR-19 ,19,11,1
APR-19 ,20,4,165749
APR-19 ,20,11,14323
APR-19 ,21,4,76041
APR-19 ,21,11,1375
APR-19 ,22,4,1055
APR-19 ,22,11,67
APR-19 ,23,4,9246
APR-19 ,23,11,226
APR-19 ,25,4,392028
APR-19 ,25,10,538
APR-19 ,25,11,7696
APR-19 ,26,4,48983
APR-19 ,26,10,2
APR-19 ,26,11,1145
APR-19 ,29,4,1147506
APR-19 ,29,11,1037108
APR-19 ,30,4,2662
APR-19 ,30,11,30080
APR-19 ,34,4,1246537
APR-19 ,34,10,287
APR-19 ,34,11,1335
APR-20 ,1,2,11
APR-20 ,1,3,352
APR-20 ,1,4,54812
APR-20 ,1,9,184
APR-20 ,1,11,3379
APR-20 ,1,13,426
APR-20 ,2,1,22
APR-20 ,2,2,8
APR-20 ,2,3,60
APR-20 ,2,4,3129
APR-20 ,2,6,5
APR-20 ,2,9,30
APR-20 ,2,11,473
APR-20 ,2,13,122
APR-20 ,3,4,26209
APR-20 ,3,8,994
APR-20 ,3,11,2161
APR-20 ,3,13,804
APR-20 ,4,4,5463
APR-20 ,4,11,277
APR-20 ,4,13,113
APR-20 ,5,4,1628
APR-20 ,5,10,4
APR-20 ,5,11,142
APR-20 ,6,4,4185
APR-20 ,6,11,85
APR-20 ,7,4,2689
APR-20 ,7,11,20
APR-20 ,8,8,9418
APR-20 ,8,11,386
APR-20 ,8,13,232
APR-20 ,9,4,36
APR-20 ,9,11,2
APR-20 ,10,4,316
APR-20 ,10,10,1
APR-20 ,10,11,20
APR-20 ,11,3,216
APR-20 ,11,4,6866
APR-20 ,11,5,273
APR-20 ,11,9,107
APR-20 ,11,11,150
APR-20 ,11,13,434
APR-20 ,12,3,32
APR-20 ,12,4,2587
APR-20 ,12,5,14
APR-20 ,12,9,20
APR-20 ,12,11,98
APR-20 ,12,13,81
APR-20 ,13,3,32
APR-20 ,13,4,1697
APR-20 ,13,5,6
APR-20 ,13,9,17
APR-20 ,13,11,44
APR-20 ,13,13,66
APR-20 ,14,4,1356
APR-20 ,14,11,36
APR-20 ,15,4,765
APR-20 ,15,11,11
APR-20 ,16,4,493
APR-20 ,16,11,60
APR-20 ,17,4,54
APR-20 ,17,11,13
APR-20 ,18,4,80
APR-20 ,18,11,16
APR-20 ,19,4,8
APR-20 ,19,11,4
APR-20 ,20,4,183609
APR-20 ,20,10,1
APR-20 ,20,11,529
APR-20 ,21,4,225674
APR-20 ,21,11,258
APR-20 ,22,4,1079
APR-20 ,22,11,71
APR-20 ,23,4,10689
APR-20 ,23,11,23
APR-20 ,25,4,127950
APR-20 ,25,11,7294
APR-20 ,26,4,29860
APR-20 ,26,11,404
APR-20 ,29,4,1178809
APR-20 ,29,11,1068168
APR-20 ,30,4,1256
APR-20 ,30,10,1
APR-20 ,30,11,6346
APR-20 ,34,4,3673538
APR-20 ,34,10,7
APR-20 ,34,11,365
APR-21 ,1,2,18
APR-21 ,1,3,478
APR-21 ,1,4,53715
APR-21 ,1,9,235
APR-21 ,1,11,3973
APR-21 ,1,13,540
APR-21 ,2,1,45
APR-21 ,2,2,24
APR-21 ,2,3,190
APR-21 ,2,4,4995
APR-21 ,2,6,4
APR-21 ,2,9,96
APR-21 ,2,11,524
APR-21 ,2,13,182
APR-21 ,3,4,26013
APR-21 ,3,8,912
APR-21 ,3,11,2528
APR-21 ,3,13,901
APR-21 ,4,4,5428
APR-21 ,4,11,186
APR-21 ,4,13,90
APR-21 ,5,4,1793
APR-21 ,5,10,1
APR-21 ,5,11,127
APR-21 ,6,4,3686
APR-21 ,6,11,66
APR-21 ,7,4,3872
APR-21 ,7,11,24
APR-21 ,8,8,10110
APR-21 ,8,11,409
APR-21 ,8,13,194
APR-21 ,9,4,37
APR-21 ,9,11,5
APR-21 ,10,4,240
APR-21 ,10,11,12
APR-21 ,11,3,224
APR-21 ,11,4,7831
APR-21 ,11,5,383
APR-21 ,11,9,111
APR-21 ,11,11,70
APR-21 ,11,13,461
APR-21 ,12,3,26
APR-21 ,12,4,2285
APR-21 ,12,5,12
APR-21 ,12,9,13
APR-21 ,12,11,8
APR-21 ,12,13,87
APR-21 ,13,3,78
APR-21 ,13,4,1261
APR-21 ,13,5,8
APR-21 ,13,9,39
APR-21 ,13,11,27
APR-21 ,13,13,76
APR-21 ,14,4,1801
APR-21 ,14,11,9
APR-21 ,15,4,1104
APR-21 ,15,11,50
APR-21 ,16,4,755
APR-21 ,16,11,111
APR-21 ,17,4,100
APR-21 ,17,11,11
APR-21 ,18,4,560
APR-21 ,18,11,65
APR-21 ,19,4,19
APR-21 ,19,11,4
APR-21 ,20,4,185372
APR-21 ,20,11,462
APR-21 ,21,4,63695
APR-21 ,21,11,168
APR-21 ,22,4,4327
APR-21 ,22,10,10
APR-21 ,22,11,1392
APR-21 ,23,4,1375
APR-21 ,23,11,10
APR-21 ,25,4,33467
APR-21 ,25,11,4063
APR-21 ,26,4,110170
APR-21 ,26,9,1
APR-21 ,26,11,388
APR-21 ,29,4,851639
APR-21 ,29,11,470200
APR-21 ,30,4,1014
APR-21 ,30,11,21983
APR-21 ,34,4,2131789
APR-21 ,34,11,124
APR-21 ,49,4,661
APR-21 ,49,11,9
APR-22 ,1,2,10
APR-22 ,1,3,514
APR-22 ,1,4,34962
APR-22 ,1,9,254
APR-22 ,1,11,1778
APR-22 ,1,13,439
APR-22 ,2,1,17
APR-22 ,2,2,18
APR-22 ,2,3,220
APR-22 ,2,4,4375
APR-22 ,2,6,10
APR-22 ,2,9,109
APR-22 ,2,11,595
APR-22 ,2,12,21
APR-22 ,2,13,200
APR-22 ,3,4,24643
APR-22 ,3,8,665
APR-22 ,3,11,2269
APR-22 ,3,13,822
APR-22 ,4,4,4166
APR-22 ,4,11,211
APR-22 ,4,13,59
APR-22 ,5,4,1481
APR-22 ,5,10,1
APR-22 ,5,11,81
APR-22 ,6,4,3575
APR-22 ,6,11,855
APR-22 ,7,4,3177
APR-22 ,7,11,20
APR-22 ,8,8,9414
APR-22 ,8,11,340
APR-22 ,8,13,208
APR-22 ,9,4,26
APR-22 ,9,11,4
APR-22 ,10,4,213
APR-22 ,10,11,5
APR-22 ,11,3,152
APR-22 ,11,4,7139
APR-22 ,11,5,482
APR-22 ,11,9,77
APR-22 ,11,11,166
APR-22 ,11,13,352
APR-22 ,12,3,48
APR-22 ,12,4,3070
APR-22 ,12,5,18
APR-22 ,12,9,24
APR-22 ,12,11,14
APR-22 ,12,13,223
APR-22 ,13,3,54
APR-22 ,13,4,917
APR-22 ,13,5,4
APR-22 ,13,7,2
APR-22 ,13,9,29
APR-22 ,13,11,24
APR-22 ,13,13,83
APR-22 ,14,4,1693
APR-22 ,14,11,20
APR-22 ,15,4,861
APR-22 ,15,11,17
APR-22 ,16,4,548
APR-22 ,16,11,55
APR-22 ,17,4,77
APR-22 ,17,11,7
APR-22 ,18,4,633
APR-22 ,18,11,38
APR-22 ,19,4,9
APR-22 ,20,4,126306
APR-22 ,20,11,965
APR-22 ,21,4,62047
APR-22 ,21,11,152
APR-22 ,22,4,118389
APR-22 ,22,10,30
APR-22 ,22,11,2207
APR-22 ,23,4,316
APR-22 ,23,11,11
APR-22 ,25,4,151435
APR-22 ,25,11,21830
APR-22 ,26,4,38609
APR-22 ,26,11,228
APR-22 ,29,4,680175
APR-22 ,29,11,363664
APR-22 ,30,4,7658
APR-22 ,30,10,26
APR-22 ,30,11,12567
APR-22 ,34,4,1797535
APR-22 ,34,11,89
APR-22 ,49,4,739
APR-22 ,49,11,7
AUG-19 ,1,2,25
AUG-19 ,1,3,384
AUG-19 ,1,4,51946
AUG-19 ,1,9,193
AUG-19 ,1,11,4488
AUG-19 ,1,13,570
AUG-19 ,2,1,60
AUG-19 ,2,2,11
AUG-19 ,2,3,68
AUG-19 ,2,4,3082
AUG-19 ,2,6,14
AUG-19 ,2,9,34
AUG-19 ,2,11,702
AUG-19 ,2,13,129
AUG-19 ,2,14,2
AUG-19 ,3,4,34429
AUG-19 ,3,8,1870
AUG-19 ,3,10,1
AUG-19 ,3,11,4667
AUG-19 ,3,13,1119
AUG-19 ,4,4,5560
AUG-19 ,4,11,534
AUG-19 ,4,13,84
AUG-19 ,5,4,1865
AUG-19 ,5,10,5
AUG-19 ,5,11,376
AUG-19 ,6,4,6118
AUG-19 ,6,11,130
AUG-19 ,7,4,2704
AUG-19 ,7,11,22
AUG-19 ,8,8,13533
AUG-19 ,8,11,1110
AUG-19 ,8,13,281
AUG-19 ,9,4,39
AUG-19 ,9,11,7
AUG-19 ,10,4,233
AUG-19 ,10,11,14
AUG-19 ,11,3,210
AUG-19 ,11,4,9105
AUG-19 ,11,5,354
AUG-19 ,11,9,104
AUG-19 ,11,11,229
AUG-19 ,11,13,442
AUG-19 ,12,3,42
AUG-19 ,12,4,3115
AUG-19 ,12,5,27
AUG-19 ,12,9,22
AUG-19 ,12,11,141
AUG-19 ,12,13,127
AUG-19 ,13,3,104
AUG-19 ,13,4,1908
AUG-19 ,13,5,12
AUG-19 ,13,9,52
AUG-19 ,13,11,67
AUG-19 ,13,13,108
AUG-19 ,14,4,2342
AUG-19 ,14,11,48
AUG-19 ,15,4,616
AUG-19 ,15,11,18
AUG-19 ,16,4,540
AUG-19 ,16,11,101
AUG-19 ,17,4,93
AUG-19 ,17,11,19
AUG-19 ,18,4,577
AUG-19 ,18,11,11
AUG-19 ,19,4,6
AUG-19 ,19,11,6
AUG-19 ,20,4,195934
AUG-19 ,20,10,396
AUG-19 ,20,11,3510
AUG-19 ,21,4,210254
AUG-19 ,21,10,2
AUG-19 ,21,11,730
AUG-19 ,22,4,2510
AUG-19 ,22,10,1
AUG-19 ,22,11,51
AUG-19 ,23,4,17700
AUG-19 ,23,11,22
AUG-19 ,25,4,34094
AUG-19 ,25,11,4775
AUG-19 ,26,4,53062
AUG-19 ,26,11,8257
AUG-19 ,29,4,1298466
AUG-19 ,29,11,1579341
AUG-19 ,30,4,763
AUG-19 ,30,11,40056
AUG-19 ,34,4,2480785
AUG-19 ,34,10,1556
AUG-19 ,34,11,413
AUG-20 ,1,2,16
AUG-20 ,1,3,500
AUG-20 ,1,4,66503
AUG-20 ,1,9,241
AUG-20 ,1,11,4677
AUG-20 ,1,13,575
AUG-20 ,1,15,1
AUG-20 ,2,1,12
AUG-20 ,2,2,22
AUG-20 ,2,3,100
AUG-20 ,2,4,4333
AUG-20 ,2,6,10
AUG-20 ,2,9,49
AUG-20 ,2,11,502
AUG-20 ,2,13,204
AUG-20 ,3,4,36242
AUG-20 ,3,8,1271
AUG-20 ,3,11,3848
AUG-20 ,3,13,1227
AUG-20 ,4,4,6270
AUG-20 ,4,11,339
AUG-20 ,4,13,83
AUG-20 ,5,4,2036
AUG-20 ,5,10,5
AUG-20 ,5,11,160
AUG-20 ,6,4,7981
AUG-20 ,6,11,99
AUG-20 ,7,4,3312
AUG-20 ,7,11,30
AUG-20 ,8,8,12637
AUG-20 ,8,11,596
AUG-20 ,8,13,308
AUG-20 ,9,4,51
AUG-20 ,9,11,3
AUG-20 ,10,4,304
AUG-20 ,10,10,7
AUG-20 ,10,11,11
AUG-20 ,11,3,329
AUG-20 ,11,4,9871
AUG-20 ,11,5,533
AUG-20 ,11,9,162
AUG-20 ,11,11,193
AUG-20 ,11,13,624
AUG-20 ,12,3,20
AUG-20 ,12,4,2354
AUG-20 ,12,5,37
AUG-20 ,12,9,10
AUG-20 ,12,11,19
AUG-20 ,12,13,83
AUG-20 ,13,3,42
AUG-20 ,13,4,1603
AUG-20 ,13,5,14
AUG-20 ,13,9,20
AUG-20 ,13,11,48
AUG-20 ,13,13,55
AUG-20 ,14,4,2031
AUG-20 ,14,11,38
AUG-20 ,15,4,788
AUG-20 ,15,11,25
AUG-20 ,16,4,678
AUG-20 ,16,11,95
AUG-20 ,17,4,47
AUG-20 ,17,11,11
AUG-20 ,18,4,516
AUG-20 ,18,11,34
AUG-20 ,19,4,20
AUG-20 ,19,11,1
AUG-20 ,20,4,130377
AUG-20 ,20,11,627
AUG-20 ,21,4,77979
AUG-20 ,21,11,256
AUG-20 ,22,4,1199
AUG-20 ,22,10,2
AUG-20 ,22,11,72
AUG-20 ,23,4,8525
AUG-20 ,23,11,30
AUG-20 ,25,4,50918
AUG-20 ,25,11,43414
AUG-20 ,26,4,52813
AUG-20 ,26,10,2
AUG-20 ,26,11,524
AUG-20 ,29,4,1835761
AUG-20 ,29,11,1848688
AUG-20 ,30,4,850
AUG-20 ,30,10,1
AUG-20 ,30,11,5422
AUG-20 ,34,4,1811933
AUG-20 ,34,10,206
AUG-20 ,34,11,112
AUG-21 ,1,2,19
AUG-21 ,1,3,644
AUG-21 ,1,4,58608
AUG-21 ,1,9,314
AUG-21 ,1,11,1856
AUG-21 ,1,13,641
AUG-21 ,2,1,17
AUG-21 ,2,2,41
AUG-21 ,2,3,290
AUG-21 ,2,4,5977
AUG-21 ,2,6,14
AUG-21 ,2,9,141
AUG-21 ,2,11,981
AUG-21 ,2,13,291
AUG-21 ,3,4,36373
AUG-21 ,3,8,1158
AUG-21 ,3,11,3062
AUG-21 ,3,13,1462
AUG-21 ,4,4,5358
AUG-21 ,4,11,270
AUG-21 ,4,13,74
AUG-21 ,5,4,2070
AUG-21 ,5,10,1
AUG-21 ,5,11,120
AUG-21 ,6,4,4460
AUG-21 ,6,11,113
AUG-21 ,7,4,3696
AUG-21 ,7,11,21
AUG-21 ,8,8,11632
AUG-21 ,8,11,530
AUG-21 ,8,13,373
AUG-21 ,9,4,29
AUG-21 ,9,11,6
AUG-21 ,10,4,258
AUG-21 ,10,11,8
AUG-21 ,11,3,200
AUG-21 ,11,4,11461
AUG-21 ,11,5,584
AUG-21 ,11,9,100
AUG-21 ,11,11,87
AUG-21 ,11,13,558
AUG-21 ,12,3,40
AUG-21 ,12,4,2732
AUG-21 ,12,5,26
AUG-21 ,12,9,21
AUG-21 ,12,11,23
AUG-21 ,12,13,129
AUG-21 ,13,3,88
AUG-21 ,13,4,1167
AUG-21 ,13,5,16
AUG-21 ,13,9,44
AUG-21 ,13,11,42
AUG-21 ,13,13,84
AUG-21 ,14,4,2386
AUG-21 ,14,11,43
AUG-21 ,15,4,998
AUG-21 ,15,11,11
AUG-21 ,16,4,654
AUG-21 ,16,11,80
AUG-21 ,17,4,82
AUG-21 ,17,11,14
AUG-21 ,18,4,779
AUG-21 ,18,11,74
AUG-21 ,19,4,14
AUG-21 ,19,11,1
AUG-21 ,20,4,106402
AUG-21 ,20,10,1
AUG-21 ,20,11,711
AUG-21 ,21,4,52830
AUG-21 ,21,11,120
AUG-21 ,22,4,4985
AUG-21 ,22,10,7
AUG-21 ,22,11,2395
AUG-21 ,23,4,1006
AUG-21 ,23,11,14
AUG-21 ,25,4,98900
AUG-21 ,25,11,21924
AUG-21 ,26,4,58044
AUG-21 ,26,11,349
AUG-21 ,29,4,922922
AUG-21 ,29,11,480265
AUG-21 ,30,4,424
AUG-21 ,30,11,16490
AUG-21 ,34,4,1965797
AUG-21 ,34,11,100
AUG-21 ,49,4,727
AUG-21 ,49,11,11
AUG-22 ,1,2,26
AUG-22 ,1,3,740
AUG-22 ,1,4,50268
AUG-22 ,1,9,369
AUG-22 ,1,11,1712
AUG-22 ,1,13,576
AUG-22 ,2,1,19
AUG-22 ,2,2,39
AUG-22 ,2,3,402
AUG-22 ,2,4,7457
AUG-22 ,2,6,33
AUG-22 ,2,9,203
AUG-22 ,2,11,951
AUG-22 ,2,12,26
AUG-22 ,2,13,482
AUG-22 ,3,4,38847
AUG-22 ,3,8,1176
AUG-22 ,3,11,3652
AUG-22 ,3,13,1403
AUG-22 ,4,4,5729
AUG-22 ,4,11,336
AUG-22 ,4,13,101
AUG-22 ,5,4,2474
AUG-22 ,5,10,2
AUG-22 ,5,11,123
AUG-22 ,6,4,5791
AUG-22 ,6,11,139
AUG-22 ,7,4,3513
AUG-22 ,7,11,21
AUG-22 ,8,8,11249
AUG-22 ,8,11,571
AUG-22 ,8,13,296
AUG-22 ,9,4,45
AUG-22 ,9,11,8
AUG-22 ,10,4,301
AUG-22 ,10,11,14
AUG-22 ,11,3,264
AUG-22 ,11,4,11723
AUG-22 ,11,5,866
AUG-22 ,11,9,132
AUG-22 ,11,11,130
AUG-22 ,11,13,589
AUG-22 ,12,3,104
AUG-22 ,12,4,5534
AUG-22 ,12,5,32
AUG-22 ,12,9,53
AUG-22 ,12,11,27
AUG-22 ,12,13,468
AUG-22 ,13,3,72
AUG-22 ,13,4,1377
AUG-22 ,13,5,21
AUG-22 ,13,7,2
AUG-22 ,13,9,37
AUG-22 ,13,11,27
AUG-22 ,13,13,97
AUG-22 ,14,4,2375
AUG-22 ,14,11,25
AUG-22 ,15,4,874
AUG-22 ,15,11,4
AUG-22 ,16,4,1017
AUG-22 ,16,11,111
AUG-22 ,17,4,104
AUG-22 ,17,11,18
AUG-22 ,18,4,869
AUG-22 ,18,11,63
AUG-22 ,19,4,16
AUG-22 ,19,11,2
AUG-22 ,20,4,98859
AUG-22 ,20,10,3
AUG-22 ,20,11,358
AUG-22 ,21,4,63135
AUG-22 ,21,9,1
AUG-22 ,21,11,193
AUG-22 ,22,4,75650
AUG-22 ,22,11,4200
AUG-22 ,23,4,285
AUG-22 ,23,11,9
AUG-22 ,25,4,128945
AUG-22 ,25,9,3
AUG-22 ,25,11,44044
AUG-22 ,26,4,66166
AUG-22 ,26,11,365
AUG-22 ,29,4,1661260
AUG-22 ,29,11,619387
AUG-22 ,30,4,1091
AUG-22 ,30,10,6
AUG-22 ,30,11,14708
AUG-22 ,34,4,1525054
AUG-22 ,34,9,4
AUG-22 ,34,11,85
AUG-22 ,49,4,835
AUG-22 ,49,11,3
DEC-19 ,1,2,18
DEC-19 ,1,3,358
DEC-19 ,1,4,60480
DEC-19 ,1,9,180
DEC-19 ,1,11,4791
DEC-19 ,1,13,687
DEC-19 ,2,1,70
DEC-19 ,2,2,8
DEC-19 ,2,3,48
DEC-19 ,2,4,11410
DEC-19 ,2,6,4
DEC-19 ,2,9,24
DEC-19 ,2,11,1696
DEC-19 ,2,13,245
DEC-19 ,3,4,26625
DEC-19 ,3,8,1075
DEC-19 ,3,11,2551
DEC-19 ,3,13,862
DEC-19 ,4,4,5801
DEC-19 ,4,11,445
DEC-19 ,4,13,84
DEC-19 ,5,4,1832
DEC-19 ,5,10,7
DEC-19 ,5,11,181
DEC-19 ,6,4,4026
DEC-19 ,6,11,80
DEC-19 ,7,4,2866
DEC-19 ,7,11,39
DEC-19 ,8,8,11715
DEC-19 ,8,11,665
DEC-19 ,8,13,269
DEC-19 ,9,4,22
DEC-19 ,9,11,8
DEC-19 ,10,4,272
DEC-19 ,10,10,2
DEC-19 ,10,11,24
DEC-19 ,11,3,148
DEC-19 ,11,4,6417
DEC-19 ,11,5,232
DEC-19 ,11,9,73
DEC-19 ,11,11,134
DEC-19 ,11,13,348
DEC-19 ,12,3,12
DEC-19 ,12,4,1975
DEC-19 ,12,5,14
DEC-19 ,12,9,6
DEC-19 ,12,11,44
DEC-19 ,12,13,69
DEC-19 ,13,3,48
DEC-19 ,13,4,1728
DEC-19 ,13,5,3
DEC-19 ,13,7,2
DEC-19 ,13,9,25
DEC-19 ,13,11,47
DEC-19 ,13,13,44
DEC-19 ,14,4,1315
DEC-19 ,14,11,16
DEC-19 ,15,4,582
DEC-19 ,15,11,8
DEC-19 ,16,4,430
DEC-19 ,16,11,59
DEC-19 ,17,4,55
DEC-19 ,17,11,18
DEC-19 ,18,4,123
DEC-19 ,18,11,43
DEC-19 ,19,4,10
DEC-19 ,19,11,6
DEC-19 ,20,4,110860
DEC-19 ,20,10,1
DEC-19 ,20,11,1313
DEC-19 ,21,4,50339
DEC-19 ,21,11,511
DEC-19 ,22,4,10669
DEC-19 ,22,10,4
DEC-19 ,22,11,160
DEC-19 ,23,4,5071
DEC-19 ,23,11,13
DEC-19 ,25,4,22412
DEC-19 ,25,11,5281
DEC-19 ,26,4,34392
DEC-19 ,26,11,661
DEC-19 ,29,4,1588379
DEC-19 ,29,11,1514106
DEC-19 ,30,4,1127
DEC-19 ,30,11,29175
DEC-19 ,34,4,2454867
DEC-19 ,34,10,6
DEC-19 ,34,11,557
DEC-20 ,1,2,9
DEC-20 ,1,3,442
DEC-20 ,1,4,60841
DEC-20 ,1,9,236
DEC-20 ,1,11,2492
DEC-20 ,1,13,931
DEC-20 ,2,1,21
DEC-20 ,2,2,10
DEC-20 ,2,3,128
DEC-20 ,2,4,4677
DEC-20 ,2,6,9
DEC-20 ,2,9,67
DEC-20 ,2,11,799
DEC-20 ,2,13,188
DEC-20 ,3,4,28648
DEC-20 ,3,8,744
DEC-20 ,3,11,3125
DEC-20 ,3,13,868
DEC-20 ,4,4,5573
DEC-20 ,4,11,219
DEC-20 ,4,13,124
DEC-20 ,5,4,1985
DEC-20 ,5,9,1
DEC-20 ,5,10,2
DEC-20 ,5,11,142
DEC-20 ,6,4,7297
DEC-20 ,6,11,114
DEC-20 ,7,4,3416
DEC-20 ,7,11,45
DEC-20 ,8,8,9212
DEC-20 ,8,11,350
DEC-20 ,8,13,287
DEC-20 ,9,4,23
DEC-20 ,9,11,3
DEC-20 ,10,4,241
DEC-20 ,10,11,14
DEC-20 ,11,3,204
DEC-20 ,11,4,7266
DEC-20 ,11,5,357
DEC-20 ,11,9,110
DEC-20 ,11,11,103
DEC-20 ,11,13,405
DEC-20 ,12,3,38
DEC-20 ,12,4,1910
DEC-20 ,12,5,19
DEC-20 ,12,9,21
DEC-20 ,12,11,31
DEC-20 ,12,13,73
DEC-20 ,13,3,24
DEC-20 ,13,4,1064
DEC-20 ,13,5,8
DEC-20 ,13,9,14
DEC-20 ,13,11,38
DEC-20 ,13,13,44
DEC-20 ,14,4,786
DEC-20 ,14,11,17
DEC-20 ,15,4,1152
DEC-20 ,15,11,66
DEC-20 ,16,4,520
DEC-20 ,16,11,61
DEC-20 ,17,4,45
DEC-20 ,17,11,7
DEC-20 ,18,4,151
DEC-20 ,18,11,42
DEC-20 ,19,4,9
DEC-20 ,19,11,6
DEC-20 ,20,4,163426
DEC-20 ,20,11,974
DEC-20 ,21,4,87774
DEC-20 ,21,11,200
DEC-20 ,22,4,2646
DEC-20 ,22,11,42
DEC-20 ,23,4,6607
DEC-20 ,23,11,20
DEC-20 ,25,4,69536
DEC-20 ,25,11,14498
DEC-20 ,26,4,46045
DEC-20 ,26,11,357
DEC-20 ,29,4,1569921
DEC-20 ,29,11,659992
DEC-20 ,30,4,593
DEC-20 ,30,11,48359
DEC-20 ,34,4,1778561
DEC-20 ,34,11,118
DEC-20 ,49,4,514
DEC-20 ,49,11,20
DEC-21 ,1,2,29
DEC-21 ,1,3,1930
DEC-21 ,1,4,105203
DEC-21 ,1,9,983
DEC-21 ,1,10,235
DEC-21 ,1,11,5588
DEC-21 ,1,13,1177
DEC-21 ,2,1,35
DEC-21 ,2,2,26
DEC-21 ,2,3,324
DEC-21 ,2,4,8667
DEC-21 ,2,6,13
DEC-21 ,2,9,164
DEC-21 ,2,10,23
DEC-21 ,2,11,1342
DEC-21 ,2,13,390
DEC-21 ,3,4,31373
DEC-21 ,3,8,793
DEC-21 ,3,11,3751
DEC-21 ,3,13,1140
DEC-21 ,4,4,5065
DEC-21 ,4,11,261
DEC-21 ,4,13,114
DEC-21 ,5,4,2756
DEC-21 ,5,10,3
DEC-21 ,5,11,194
DEC-21 ,6,4,5386
DEC-21 ,6,10,8
DEC-21 ,6,11,49
DEC-21 ,7,4,5122
DEC-21 ,7,10,10
DEC-21 ,7,11,19
DEC-21 ,8,8,9765
DEC-21 ,8,11,374
DEC-21 ,8,13,234
DEC-21 ,9,4,31
DEC-21 ,9,11,1
DEC-21 ,10,4,250
DEC-21 ,10,10,3
DEC-21 ,10,11,4
DEC-21 ,11,3,166
DEC-21 ,11,4,8395
DEC-21 ,11,5,409
DEC-21 ,11,9,84
DEC-21 ,11,11,81
DEC-21 ,11,13,500
DEC-21 ,12,3,22
DEC-21 ,12,4,1782
DEC-21 ,12,5,11
DEC-21 ,12,9,11
DEC-21 ,12,11,13
DEC-21 ,12,13,80
DEC-21 ,13,3,52
DEC-21 ,13,4,1050
DEC-21 ,13,5,12
DEC-21 ,13,9,27
DEC-21 ,13,11,24
DEC-21 ,13,13,93
DEC-21 ,14,4,569
DEC-21 ,14,10,4
DEC-21 ,14,11,21
DEC-21 ,15,4,974
DEC-21 ,15,11,19
DEC-21 ,16,4,558
DEC-21 ,16,11,76
DEC-21 ,17,4,83
DEC-21 ,17,10,1
DEC-21 ,17,11,5
DEC-21 ,18,4,142
DEC-21 ,18,10,3
DEC-21 ,18,11,34
DEC-21 ,19,4,10
DEC-21 ,19,11,1
DEC-21 ,20,4,176473
DEC-21 ,20,10,13
DEC-21 ,20,11,884
DEC-21 ,21,4,58447
DEC-21 ,21,11,187
DEC-21 ,22,4,15708
DEC-21 ,22,10,14
DEC-21 ,22,11,1097
DEC-21 ,23,4,1045
DEC-21 ,23,10,1
DEC-21 ,23,11,10
DEC-21 ,25,4,494408
DEC-21 ,25,9,6
DEC-21 ,25,11,47005
DEC-21 ,26,4,60630
DEC-21 ,26,10,6
DEC-21 ,26,11,207
DEC-21 ,29,4,1093541
DEC-21 ,29,11,572799
DEC-21 ,30,4,2541
DEC-21 ,30,11,28732
DEC-21 ,30,18,1
DEC-21 ,34,4,1911799
DEC-21 ,34,11,405
DEC-21 ,49,4,906
DEC-21 ,49,11,8
DEC-22 ,1,2,29
DEC-22 ,1,3,1242
DEC-22 ,1,4,109956
DEC-22 ,1,9,618
DEC-22 ,1,10,4
DEC-22 ,1,11,5610
DEC-22 ,1,13,1205
DEC-22 ,2,1,65
DEC-22 ,2,2,26
DEC-22 ,2,3,296
DEC-22 ,2,4,6931
DEC-22 ,2,6,8
DEC-22 ,2,9,151
DEC-22 ,2,11,1415
DEC-22 ,2,12,71
DEC-22 ,2,13,600
DEC-22 ,3,4,28843
DEC-22 ,3,8,617
DEC-22 ,3,10,1
DEC-22 ,3,11,3245
DEC-22 ,3,13,982
DEC-22 ,4,4,5524
DEC-22 ,4,11,395
DEC-22 ,4,13,97
DEC-22 ,5,4,2435
DEC-22 ,5,11,152
DEC-22 ,6,4,6098
DEC-22 ,6,11,104
DEC-22 ,7,4,4226
DEC-22 ,7,11,25
DEC-22 ,8,8,12091
DEC-22 ,8,10,1
DEC-22 ,8,11,458
DEC-22 ,8,13,361
DEC-22 ,9,4,30
DEC-22 ,9,11,5
DEC-22 ,10,4,389
DEC-22 ,10,11,15
DEC-22 ,11,3,190
DEC-22 ,11,4,7952
DEC-22 ,11,5,506
DEC-22 ,11,9,98
DEC-22 ,11,11,203
DEC-22 ,11,13,546
DEC-22 ,12,3,78
DEC-22 ,12,4,3719
DEC-22 ,12,5,130
DEC-22 ,12,9,39
DEC-22 ,12,11,21
DEC-22 ,12,13,149
DEC-22 ,13,3,44
DEC-22 ,13,4,1032
DEC-22 ,13,5,11
DEC-22 ,13,9,23
DEC-22 ,13,11,30
DEC-22 ,13,13,81
DEC-22 ,14,4,483
DEC-22 ,14,11,40
DEC-22 ,15,4,1099
DEC-22 ,15,11,18
DEC-22 ,16,4,601
DEC-22 ,16,11,79
DEC-22 ,17,4,102
DEC-22 ,17,11,10
DEC-22 ,18,4,187
DEC-22 ,18,11,35
DEC-22 ,19,4,12
DEC-22 ,19,11,5
DEC-22 ,20,4,116870
DEC-22 ,20,10,2
DEC-22 ,20,11,190
DEC-22 ,21,4,96111
DEC-22 ,21,9,6
DEC-22 ,21,10,3
DEC-22 ,21,11,193
DEC-22 ,22,4,5432
DEC-22 ,22,11,3422
DEC-22 ,23,4,287
DEC-22 ,23,11,4
DEC-22 ,25,4,407131
DEC-22 ,25,9,5
DEC-22 ,25,11,76255
DEC-22 ,26,4,54000
DEC-22 ,26,9,7
DEC-22 ,26,10,6
DEC-22 ,26,11,353
DEC-22 ,29,4,1145741
DEC-22 ,29,11,497000
DEC-22 ,30,4,1319
DEC-22 ,30,11,308751
DEC-22 ,34,4,1858558
DEC-22 ,34,11,322
DEC-22 ,49,4,951
DEC-22 ,49,11,9
FEB-19 ,1,2,27
FEB-19 ,1,3,550
FEB-19 ,1,4,39814
FEB-19 ,1,9,274
FEB-19 ,1,11,8924
FEB-19 ,1,13,257
FEB-19 ,2,1,16
FEB-19 ,2,2,2
FEB-19 ,2,3,34
FEB-19 ,2,4,749
FEB-19 ,2,6,4
FEB-19 ,2,9,17
FEB-19 ,2,11,1002
FEB-19 ,2,13,62
FEB-19 ,3,4,16376
FEB-19 ,3,8,383
FEB-19 ,3,11,6100
FEB-19 ,3,13,492
FEB-19 ,4,4,3213
FEB-19 ,4,10,34
FEB-19 ,4,11,793
FEB-19 ,4,13,27
FEB-19 ,5,4,222
FEB-19 ,5,11,254
FEB-19 ,6,4,3007
FEB-19 ,6,11,623
FEB-19 ,7,4,1250
FEB-19 ,7,11,50
FEB-19 ,8,8,8164
FEB-19 ,8,10,1
FEB-19 ,8,11,908
FEB-19 ,8,13,224
FEB-19 ,9,4,12
FEB-19 ,9,11,3
FEB-19 ,10,4,76
FEB-19 ,10,11,4
FEB-19 ,11,3,50
FEB-19 ,11,4,2532
FEB-19 ,11,5,21
FEB-19 ,11,9,25
FEB-19 ,11,11,224
FEB-19 ,11,13,76
FEB-19 ,12,4,2129
FEB-19 ,12,5,38
FEB-19 ,12,11,1236
FEB-19 ,12,13,222
FEB-19 ,13,3,52
FEB-19 ,13,4,1093
FEB-19 ,13,5,1
FEB-19 ,13,9,26
FEB-19 ,13,11,104
FEB-19 ,13,13,80
FEB-19 ,14,4,490
FEB-19 ,14,11,26
FEB-19 ,15,4,147
FEB-19 ,15,11,75
FEB-19 ,16,4,25
FEB-19 ,16,11,11
FEB-19 ,17,4,31
FEB-19 ,17,11,2
FEB-19 ,18,4,16
FEB-19 ,18,11,3
FEB-19 ,19,4,1
FEB-19 ,19,11,2
FEB-19 ,20,4,403488
FEB-19 ,20,11,7069
FEB-19 ,21,4,55945
FEB-19 ,21,11,4164
FEB-19 ,22,4,1948
FEB-19 ,22,10,1
FEB-19 ,22,11,41
FEB-19 ,23,4,5116
FEB-19 ,23,11,447
FEB-19 ,25,4,31909
FEB-19 ,25,10,1
FEB-19 ,25,11,747
FEB-19 ,26,4,30739
FEB-19 ,26,11,790
FEB-19 ,29,4,824364
FEB-19 ,29,11,186571
FEB-19 ,30,4,4181
FEB-19 ,30,10,1
FEB-19 ,30,11,10851
FEB-19 ,34,4,145896
FEB-19 ,34,10,48
FEB-19 ,34,11,498
FEB-20 ,1,2,16
FEB-20 ,1,3,452
FEB-20 ,1,4,70685
FEB-20 ,1,9,224
FEB-20 ,1,11,3838
FEB-20 ,1,13,639
FEB-20 ,2,1,35
FEB-20 ,2,2,10
FEB-20 ,2,3,58
FEB-20 ,2,4,3471
FEB-20 ,2,6,1
FEB-20 ,2,9,29
FEB-20 ,2,11,511
FEB-20 ,2,13,113
FEB-20 ,3,4,29163
FEB-20 ,3,8,1258
FEB-20 ,3,10,1
FEB-20 ,3,11,3992
FEB-20 ,3,13,1050
FEB-20 ,4,4,5504
FEB-20 ,4,11,637
FEB-20 ,4,13,99
FEB-20 ,5,4,2163
FEB-20 ,5,10,8
FEB-20 ,5,11,247
FEB-20 ,6,4,6772
FEB-20 ,6,11,90
FEB-20 ,7,4,2535
FEB-20 ,7,11,14
FEB-20 ,8,8,12431
FEB-20 ,8,11,790
FEB-20 ,8,13,389
FEB-20 ,9,4,100
FEB-20 ,9,10,1
FEB-20 ,9,11,4
FEB-20 ,10,4,501
FEB-20 ,10,10,4
FEB-20 ,10,11,31
FEB-20 ,11,3,244
FEB-20 ,11,4,6308
FEB-20 ,11,5,213
FEB-20 ,11,9,123
FEB-20 ,11,11,139
FEB-20 ,11,13,425
FEB-20 ,12,3,104
FEB-20 ,12,4,2600
FEB-20 ,12,5,14
FEB-20 ,12,9,52
FEB-20 ,12,11,60
FEB-20 ,12,13,102
FEB-20 ,13,3,38
FEB-20 ,13,4,1691
FEB-20 ,13,5,15
FEB-20 ,13,9,19
FEB-20 ,13,11,72
FEB-20 ,13,13,67
FEB-20 ,14,4,1651
FEB-20 ,14,10,4
FEB-20 ,14,11,140
FEB-20 ,15,4,1038
FEB-20 ,15,11,87
FEB-20 ,16,4,555
FEB-20 ,16,11,83
FEB-20 ,17,4,89
FEB-20 ,17,11,12
FEB-20 ,18,4,286
FEB-20 ,18,11,29
FEB-20 ,19,4,12
FEB-20 ,19,11,1
FEB-20 ,20,4,313945
FEB-20 ,20,11,1097
FEB-20 ,21,4,84910
FEB-20 ,21,11,732
FEB-20 ,22,4,2823
FEB-20 ,22,10,13
FEB-20 ,22,11,271
FEB-20 ,23,4,6551
FEB-20 ,23,11,25
FEB-20 ,25,4,27040
FEB-20 ,25,11,9449
FEB-20 ,26,4,54144
FEB-20 ,26,10,6
FEB-20 ,26,11,945
FEB-20 ,29,4,1297107
FEB-20 ,29,11,1429408
FEB-20 ,30,4,1145
FEB-20 ,30,11,24107
FEB-20 ,34,4,2456577
FEB-20 ,34,10,10
FEB-20 ,34,11,3520
FEB-21 ,1,2,21
FEB-21 ,1,3,646
FEB-21 ,1,4,78694
FEB-21 ,1,9,331
FEB-21 ,1,11,3007
FEB-21 ,1,13,778
FEB-21 ,2,1,9
FEB-21 ,2,2,16
FEB-21 ,2,3,180
FEB-21 ,2,4,5438
FEB-21 ,2,6,6
FEB-21 ,2,9,88
FEB-21 ,2,11,729
FEB-21 ,2,13,221
FEB-21 ,3,4,27726
FEB-21 ,3,8,1061
FEB-21 ,3,11,2662
FEB-21 ,3,13,1121
FEB-21 ,4,4,4816
FEB-21 ,4,11,253
FEB-21 ,4,13,74
FEB-21 ,5,4,2094
FEB-21 ,5,9,1
FEB-21 ,5,10,1
FEB-21 ,5,11,154
FEB-21 ,6,4,4953
FEB-21 ,6,11,135
FEB-21 ,7,4,3304
FEB-21 ,7,11,14
FEB-21 ,8,8,9153
FEB-21 ,8,11,345
FEB-21 ,8,13,274
FEB-21 ,9,4,31
FEB-21 ,9,11,2
FEB-21 ,10,4,366
FEB-21 ,10,11,7
FEB-21 ,11,3,192
FEB-21 ,11,4,7180
FEB-21 ,11,5,439
FEB-21 ,11,9,97
FEB-21 ,11,11,145
FEB-21 ,11,13,461
FEB-21 ,12,3,52
FEB-21 ,12,4,1891
FEB-21 ,12,5,14
FEB-21 ,12,9,24
FEB-21 ,12,11,21
FEB-21 ,12,13,122
FEB-21 ,13,3,70
FEB-21 ,13,4,1124
FEB-21 ,13,5,6
FEB-21 ,13,9,35
FEB-21 ,13,11,35
FEB-21 ,13,13,81
FEB-21 ,14,4,911
FEB-21 ,14,11,11
FEB-21 ,15,4,1082
FEB-21 ,15,11,73
FEB-21 ,16,4,552
FEB-21 ,16,11,65
FEB-21 ,17,4,75
FEB-21 ,17,11,6
FEB-21 ,18,4,177
FEB-21 ,18,11,27
FEB-21 ,19,4,26
FEB-21 ,19,11,8
FEB-21 ,20,4,166539
FEB-21 ,20,11,883
FEB-21 ,21,4,63265
FEB-21 ,21,11,210
FEB-21 ,22,4,1527
FEB-21 ,22,10,63230
FEB-21 ,22,11,34
FEB-21 ,23,4,1408
FEB-21 ,23,11,46
FEB-21 ,25,4,66344
FEB-21 ,25,11,4617
FEB-21 ,26,4,58782
FEB-21 ,26,11,395
FEB-21 ,29,4,1087832
FEB-21 ,29,11,542395
FEB-21 ,30,4,611
FEB-21 ,30,10,7
FEB-21 ,30,11,18950
FEB-21 ,34,4,1901514
FEB-21 ,34,9,2
FEB-21 ,34,11,131
FEB-21 ,49,4,638
FEB-21 ,49,11,10
FEB-22 ,1,2,22
FEB-22 ,1,3,772
FEB-22 ,1,4,57447
FEB-22 ,1,9,391
FEB-22 ,1,10,2
FEB-22 ,1,11,2468
FEB-22 ,1,13,540
FEB-22 ,2,1,21
FEB-22 ,2,2,23
FEB-22 ,2,3,252
FEB-22 ,2,4,5151
FEB-22 ,2,6,6
FEB-22 ,2,9,129
FEB-22 ,2,11,680
FEB-22 ,2,12,6
FEB-22 ,2,13,270
FEB-22 ,3,4,28754
FEB-22 ,3,8,1302
FEB-22 ,3,10,1
FEB-22 ,3,11,2571
FEB-22 ,3,13,889
FEB-22 ,4,4,5008
FEB-22 ,4,11,213
FEB-22 ,4,13,67
FEB-22 ,5,4,2093
FEB-22 ,5,10,3
FEB-22 ,5,11,126
FEB-22 ,6,4,4916
FEB-22 ,6,11,62
FEB-22 ,7,4,3026
FEB-22 ,7,11,26
FEB-22 ,8,8,8698
FEB-22 ,8,11,313
FEB-22 ,8,13,293
FEB-22 ,9,4,25
FEB-22 ,9,11,1
FEB-22 ,10,4,278
FEB-22 ,10,10,1
FEB-22 ,10,11,13
FEB-22 ,11,3,148
FEB-22 ,11,4,7308
FEB-22 ,11,5,396
FEB-22 ,11,9,72
FEB-22 ,11,11,88
FEB-22 ,11,13,402
FEB-22 ,12,3,48
FEB-22 ,12,4,2292
FEB-22 ,12,5,20
FEB-22 ,12,9,29
FEB-22 ,12,11,28
FEB-22 ,12,13,209
FEB-22 ,13,3,79
FEB-22 ,13,4,1115
FEB-22 ,13,5,14
FEB-22 ,13,9,43
FEB-22 ,13,11,32
FEB-22 ,13,13,89
FEB-22 ,14,4,728
FEB-22 ,14,11,10
FEB-22 ,15,4,1022
FEB-22 ,15,11,9
FEB-22 ,16,4,599
FEB-22 ,16,11,51
FEB-22 ,17,4,99
FEB-22 ,17,11,11
FEB-22 ,18,4,108
FEB-22 ,18,11,19
FEB-22 ,19,4,26
FEB-22 ,19,11,2
FEB-22 ,20,4,171534
FEB-22 ,20,11,166
FEB-22 ,21,4,86659
FEB-22 ,21,11,780
FEB-22 ,22,4,14579
FEB-22 ,22,10,28
FEB-22 ,22,11,2909
FEB-22 ,23,4,680
FEB-22 ,23,11,13
FEB-22 ,25,4,808109
FEB-22 ,25,11,72151
FEB-22 ,26,4,67756
FEB-22 ,26,11,301
FEB-22 ,29,4,847785
FEB-22 ,29,11,457578
FEB-22 ,30,4,692
FEB-22 ,30,11,18340
FEB-22 ,30,18,6
FEB-22 ,34,4,1753907
FEB-22 ,34,11,827
FEB-22 ,49,4,731
FEB-22 ,49,11,3
JAN-20 ,1,2,13
JAN-20 ,1,3,472
JAN-20 ,1,4,60322
JAN-20 ,1,9,229
JAN-20 ,1,10,30
JAN-20 ,1,11,4074
JAN-20 ,1,13,649
JAN-20 ,2,1,45
JAN-20 ,2,2,11
JAN-20 ,2,3,60
JAN-20 ,2,4,3512
JAN-20 ,2,6,5
JAN-20 ,2,9,30
JAN-20 ,2,11,490
JAN-20 ,2,13,125
JAN-20 ,3,4,39375
JAN-20 ,3,8,1425
JAN-20 ,3,10,101
JAN-20 ,3,11,3717
JAN-20 ,3,13,1167
JAN-20 ,4,4,5055
JAN-20 ,4,11,914
JAN-20 ,4,13,97
JAN-20 ,5,4,2119
JAN-20 ,5,10,19
JAN-20 ,5,11,222
JAN-20 ,6,4,5444
JAN-20 ,6,10,10
JAN-20 ,6,11,70
JAN-20 ,7,4,2244
JAN-20 ,7,10,10
JAN-20 ,7,11,24
JAN-20 ,8,4,1
JAN-20 ,8,8,11381
JAN-20 ,8,10,31
JAN-20 ,8,11,1893
JAN-20 ,8,13,416
JAN-20 ,9,4,47
JAN-20 ,9,11,3
JAN-20 ,10,4,396
JAN-20 ,10,10,11
JAN-20 ,10,11,27
JAN-20 ,11,3,184
JAN-20 ,11,4,7169
JAN-20 ,11,5,229
JAN-20 ,11,9,92
JAN-20 ,11,10,30
JAN-20 ,11,11,176
JAN-20 ,11,13,492
JAN-20 ,12,3,20
JAN-20 ,12,4,3051
JAN-20 ,12,5,10
JAN-20 ,12,9,10
JAN-20 ,12,10,10
JAN-20 ,12,11,79
JAN-20 ,12,13,98
JAN-20 ,13,3,44
JAN-20 ,13,4,2099
JAN-20 ,13,5,9
JAN-20 ,13,9,22
JAN-20 ,13,10,2
JAN-20 ,13,11,85
JAN-20 ,13,13,91
JAN-20 ,14,4,1682
JAN-20 ,14,11,109
JAN-20 ,15,4,1892
JAN-20 ,15,11,45
JAN-20 ,16,4,594
JAN-20 ,16,10,1
JAN-20 ,16,11,68
JAN-20 ,17,4,65
JAN-20 ,17,11,12
JAN-20 ,18,4,178
JAN-20 ,18,11,29
JAN-20 ,19,4,30
JAN-20 ,19,11,4
JAN-20 ,20,4,398475
JAN-20 ,20,10,257
JAN-20 ,20,11,961
JAN-20 ,21,4,101590
JAN-20 ,21,10,65
JAN-20 ,21,11,518
JAN-20 ,22,4,2752
JAN-20 ,22,10,11
JAN-20 ,22,11,1138
JAN-20 ,23,4,18036
JAN-20 ,23,11,16
JAN-20 ,25,4,97099
JAN-20 ,25,10,26
JAN-20 ,25,11,7393
JAN-20 ,26,4,102830
JAN-20 ,26,10,131
JAN-20 ,26,11,1144
JAN-20 ,29,4,1315537
JAN-20 ,29,11,1308609
JAN-20 ,30,4,2170
JAN-20 ,30,11,40820
JAN-20 ,34,4,2893729
JAN-20 ,34,10,15
JAN-20 ,34,11,199
JAN-21 ,1,2,18
JAN-21 ,1,3,4128
JAN-21 ,1,4,66686
JAN-21 ,1,9,2052
JAN-21 ,1,10,1
JAN-21 ,1,11,2754
JAN-21 ,1,13,728
JAN-21 ,2,1,9
JAN-21 ,2,2,6
JAN-21 ,2,3,154
JAN-21 ,2,4,4278
JAN-21 ,2,6,7
JAN-21 ,2,9,75
JAN-21 ,2,11,628
JAN-21 ,2,13,205
JAN-21 ,3,4,28698
JAN-21 ,3,8,1076
JAN-21 ,3,11,3739
JAN-21 ,3,13,1146
JAN-21 ,4,4,7716
JAN-21 ,4,11,278
JAN-21 ,4,13,94
JAN-21 ,5,4,2504
JAN-21 ,5,9,1
JAN-21 ,5,10,2
JAN-21 ,5,11,163
JAN-21 ,6,4,3776
JAN-21 ,6,11,45
JAN-21 ,7,4,2520
JAN-21 ,7,11,20
JAN-21 ,8,8,12203
JAN-21 ,8,11,399
JAN-21 ,8,13,275
JAN-21 ,9,4,49
JAN-21 ,9,11,6
JAN-21 ,10,4,270
JAN-21 ,10,11,10
JAN-21 ,11,3,193
JAN-21 ,11,4,6927
JAN-21 ,11,5,383
JAN-21 ,11,9,96
JAN-21 ,11,11,275
JAN-21 ,11,13,512
JAN-21 ,12,3,84
JAN-21 ,12,4,2283
JAN-21 ,12,5,17
JAN-21 ,12,9,41
JAN-21 ,12,11,24
JAN-21 ,12,13,124
JAN-21 ,13,3,62
JAN-21 ,13,4,1257
JAN-21 ,13,5,15
JAN-21 ,13,9,31
JAN-21 ,13,11,38
JAN-21 ,13,13,76
JAN-21 ,14,4,981
JAN-21 ,14,11,28
JAN-21 ,15,4,1282
JAN-21 ,15,11,41
JAN-21 ,16,4,601
JAN-21 ,16,11,46
JAN-21 ,17,4,75
JAN-21 ,17,11,9
JAN-21 ,18,4,169
JAN-21 ,18,11,29
JAN-21 ,19,4,19
JAN-21 ,19,11,2
JAN-21 ,20,4,161507
JAN-21 ,20,11,886
JAN-21 ,21,4,64980
JAN-21 ,21,10,3
JAN-21 ,21,11,198
JAN-21 ,22,4,18613
JAN-21 ,22,10,797
JAN-21 ,22,11,193
JAN-21 ,23,4,4064
JAN-21 ,23,11,23
JAN-21 ,25,4,489813
JAN-21 ,25,10,152
JAN-21 ,25,11,6413
JAN-21 ,26,4,68221
JAN-21 ,26,11,478
JAN-21 ,29,4,1432064
JAN-21 ,29,11,493720
JAN-21 ,30,4,2683
JAN-21 ,30,10,3
JAN-21 ,30,11,13941
JAN-21 ,34,4,2154133
JAN-21 ,34,9,7
JAN-21 ,34,11,105
JAN-21 ,49,4,555
JAN-21 ,49,11,13
JAN-22 ,1,2,28
JAN-22 ,1,3,1252
JAN-22 ,1,4,83634
JAN-22 ,1,9,623
JAN-22 ,1,10,143
JAN-22 ,1,11,3125
JAN-22 ,1,13,943
JAN-22 ,2,1,25
JAN-22 ,2,2,30
JAN-22 ,2,3,362
JAN-22 ,2,4,6835
JAN-22 ,2,6,13
JAN-22 ,2,9,177
JAN-22 ,2,10,10
JAN-22 ,2,11,794
JAN-22 ,2,12,13
JAN-22 ,2,13,359
JAN-22 ,3,4,32920
JAN-22 ,3,8,1297
JAN-22 ,3,11,3238
JAN-22 ,3,13,1287
JAN-22 ,4,4,4461
JAN-22 ,4,11,255
JAN-22 ,4,13,104
JAN-22 ,5,4,2875
JAN-22 ,5,10,3
JAN-22 ,5,11,152
JAN-22 ,6,4,5135
JAN-22 ,6,11,201
JAN-22 ,7,4,2929
JAN-22 ,7,11,7
JAN-22 ,8,8,10809
JAN-22 ,8,11,350
JAN-22 ,8,13,306
JAN-22 ,9,4,26
JAN-22 ,9,11,1
JAN-22 ,10,4,295
JAN-22 ,10,11,4
JAN-22 ,11,3,150
JAN-22 ,11,4,7914
JAN-22 ,11,5,412
JAN-22 ,11,9,75
JAN-22 ,11,11,84
JAN-22 ,11,13,451
JAN-22 ,12,3,36
JAN-22 ,12,4,2989
JAN-22 ,12,5,30
JAN-22 ,12,9,13
JAN-22 ,12,11,44
JAN-22 ,12,13,191
JAN-22 ,13,3,64
JAN-22 ,13,4,1146
JAN-22 ,13,5,5
JAN-22 ,13,9,29
JAN-22 ,13,11,26
JAN-22 ,13,13,110
JAN-22 ,14,4,675
JAN-22 ,14,11,8
JAN-22 ,15,4,992
JAN-22 ,15,11,22
JAN-22 ,16,4,586
JAN-22 ,16,11,47
JAN-22 ,17,4,107
JAN-22 ,17,11,10
JAN-22 ,18,4,123
JAN-22 ,18,11,17
JAN-22 ,19,4,29
JAN-22 ,19,11,3
JAN-22 ,20,4,160570
JAN-22 ,20,10,3
JAN-22 ,20,11,101
JAN-22 ,21,4,84576
JAN-22 ,21,11,148
JAN-22 ,22,4,17292
JAN-22 ,22,10,31
JAN-22 ,22,11,2079
JAN-22 ,23,4,1001
JAN-22 ,23,11,31
JAN-22 ,25,4,281051
JAN-22 ,25,11,67724
JAN-22 ,26,4,104357
JAN-22 ,26,9,1
JAN-22 ,26,11,300
JAN-22 ,29,4,1048481
JAN-22 ,29,11,551346
JAN-22 ,30,4,1394
JAN-22 ,30,11,19727
JAN-22 ,34,4,2043083
JAN-22 ,34,11,189
JAN-22 ,49,4,798
JAN-22 ,49,11,17
JUL-19 ,1,2,13
JUL-19 ,1,3,388
JUL-19 ,1,4,46899
JUL-19 ,1,9,192
JUL-19 ,1,10,52
JUL-19 ,1,11,4850
JUL-19 ,1,13,528
JUL-19 ,2,1,71
JUL-19 ,2,2,5
JUL-19 ,2,3,72
JUL-19 ,2,4,2878
JUL-19 ,2,6,15
JUL-19 ,2,9,36
JUL-19 ,2,11,1143
JUL-19 ,2,13,127
JUL-19 ,3,4,33646
JUL-19 ,3,8,1473
JUL-19 ,3,10,77
JUL-19 ,3,11,7085
JUL-19 ,3,13,1110
JUL-19 ,4,4,6109
JUL-19 ,4,10,26
JUL-19 ,4,11,776
JUL-19 ,4,13,124
JUL-19 ,5,4,1645
JUL-19 ,5,10,16
JUL-19 ,5,11,195
JUL-19 ,6,4,4169
JUL-19 ,6,11,124
JUL-19 ,7,4,1994
JUL-19 ,7,11,29
JUL-19 ,8,8,12348
JUL-19 ,8,10,12
JUL-19 ,8,11,1257
JUL-19 ,8,13,226
JUL-19 ,9,4,65
JUL-19 ,9,11,4
JUL-19 ,10,4,252
JUL-19 ,10,11,19
JUL-19 ,11,3,206
JUL-19 ,11,4,10861
JUL-19 ,11,5,358
JUL-19 ,11,9,104
JUL-19 ,11,11,154
JUL-19 ,11,13,394
JUL-19 ,12,3,32
JUL-19 ,12,4,2640
JUL-19 ,12,5,30
JUL-19 ,12,9,15
JUL-19 ,12,11,75
JUL-19 ,12,13,81
JUL-19 ,13,3,50
JUL-19 ,13,4,1686
JUL-19 ,13,5,6
JUL-19 ,13,9,25
JUL-19 ,13,11,60
JUL-19 ,13,13,84
JUL-19 ,14,4,1508
JUL-19 ,14,11,45
JUL-19 ,15,4,723
JUL-19 ,15,11,37
JUL-19 ,16,4,457
JUL-19 ,16,11,87
JUL-19 ,17,4,87
JUL-19 ,17,11,6
JUL-19 ,18,4,103
JUL-19 ,18,10,13
JUL-19 ,18,11,14
JUL-19 ,19,4,7
JUL-19 ,19,11,4
JUL-19 ,20,4,175076
JUL-19 ,20,10,2
JUL-19 ,20,11,3042
JUL-19 ,21,4,57764
JUL-19 ,21,11,674
JUL-19 ,22,4,840
JUL-19 ,22,11,89
JUL-19 ,23,4,16700
JUL-19 ,23,11,35
JUL-19 ,25,4,355894
JUL-19 ,25,11,66130
JUL-19 ,26,4,47692
JUL-19 ,26,10,26
JUL-19 ,26,11,908
JUL-19 ,29,4,1380972
JUL-19 ,29,11,1792261
JUL-19 ,30,4,677
JUL-19 ,30,11,37473
JUL-19 ,34,4,1127191
JUL-19 ,34,10,1
JUL-19 ,34,11,186
JUL-20 ,1,2,10
JUL-20 ,1,3,410
JUL-20 ,1,4,51294
JUL-20 ,1,9,209
JUL-20 ,1,10,1
JUL-20 ,1,11,2913
JUL-20 ,1,13,341
JUL-20 ,1,15,1
JUL-20 ,2,1,22
JUL-20 ,2,2,11
JUL-20 ,2,3,146
JUL-20 ,2,4,4838
JUL-20 ,2,6,7
JUL-20 ,2,9,73
JUL-20 ,2,11,580
JUL-20 ,2,13,153
JUL-20 ,3,4,33746
JUL-20 ,3,8,797
JUL-20 ,3,11,2815
JUL-20 ,3,13,946
JUL-20 ,4,4,6244
JUL-20 ,4,11,300
JUL-20 ,4,13,78
JUL-20 ,5,4,1399
JUL-20 ,5,10,6
JUL-20 ,5,11,118
JUL-20 ,6,4,3508
JUL-20 ,6,11,51
JUL-20 ,7,4,2643
JUL-20 ,7,11,22
JUL-20 ,8,8,11356
JUL-20 ,8,10,1
JUL-20 ,8,11,501
JUL-20 ,8,13,286
JUL-20 ,9,4,39
JUL-20 ,9,11,2
JUL-20 ,10,4,261
JUL-20 ,10,11,16
JUL-20 ,11,3,258
JUL-20 ,11,4,11730
JUL-20 ,11,5,446
JUL-20 ,11,9,130
JUL-20 ,11,11,180
JUL-20 ,11,13,514
JUL-20 ,12,3,22
JUL-20 ,12,4,2025
JUL-20 ,12,5,21
JUL-20 ,12,9,11
JUL-20 ,12,11,17
JUL-20 ,12,13,75
JUL-20 ,13,3,44
JUL-20 ,13,4,1396
JUL-20 ,13,5,11
JUL-20 ,13,9,22
JUL-20 ,13,11,69
JUL-20 ,13,13,62
JUL-20 ,14,4,1290
JUL-20 ,14,11,49
JUL-20 ,15,4,946
JUL-20 ,15,11,43
JUL-20 ,16,4,594
JUL-20 ,16,11,69
JUL-20 ,17,4,62
JUL-20 ,17,11,15
JUL-20 ,18,4,193
JUL-20 ,18,11,32
JUL-20 ,19,4,11
JUL-20 ,19,11,2
JUL-20 ,20,4,101868
JUL-20 ,20,10,1
JUL-20 ,20,11,445
JUL-20 ,21,4,85428
JUL-20 ,21,10,5
JUL-20 ,21,11,540
JUL-20 ,22,4,868
JUL-20 ,22,11,30
JUL-20 ,23,4,1579
JUL-20 ,23,11,26
JUL-20 ,25,4,130341
JUL-20 ,25,11,6636
JUL-20 ,26,4,56920
JUL-20 ,26,10,21
JUL-20 ,26,11,1262
JUL-20 ,29,4,1980066
JUL-20 ,29,11,1697156
JUL-20 ,30,4,992
JUL-20 ,30,11,9329
JUL-20 ,34,4,2459758
JUL-20 ,34,10,6
JUL-20 ,34,11,112
JUL-21 ,1,2,19
JUL-21 ,1,3,422
JUL-21 ,1,4,41784
JUL-21 ,1,9,216
JUL-21 ,1,11,1535
JUL-21 ,1,13,445
JUL-21 ,2,1,37
JUL-21 ,2,2,27
JUL-21 ,2,3,122
JUL-21 ,2,4,6016
JUL-21 ,2,6,6
JUL-21 ,2,9,61
JUL-21 ,2,11,709
JUL-21 ,2,13,214
JUL-21 ,3,4,33696
JUL-21 ,3,8,605
JUL-21 ,3,11,2401
JUL-21 ,3,13,996
JUL-21 ,4,4,5408
JUL-21 ,4,11,253
JUL-21 ,4,13,76
JUL-21 ,5,4,1676
JUL-21 ,5,10,2
JUL-21 ,5,11,82
JUL-21 ,6,4,2919
JUL-21 ,6,11,25
JUL-21 ,7,4,2510
JUL-21 ,7,11,11
JUL-21 ,8,8,9751
JUL-21 ,8,11,372
JUL-21 ,8,13,241
JUL-21 ,9,4,33
JUL-21 ,10,4,223
JUL-21 ,10,11,9
JUL-21 ,11,3,260
JUL-21 ,11,4,13157
JUL-21 ,11,5,748
JUL-21 ,11,9,130
JUL-21 ,11,11,127
JUL-21 ,11,13,563
JUL-21 ,12,3,48
JUL-21 ,12,4,2288
JUL-21 ,12,5,21
JUL-21 ,12,9,23
JUL-21 ,12,11,18
JUL-21 ,12,13,123
JUL-21 ,13,3,58
JUL-21 ,13,4,934
JUL-21 ,13,5,17
JUL-21 ,13,9,29
JUL-21 ,13,11,37
JUL-21 ,13,13,71
JUL-21 ,14,4,735
JUL-21 ,14,11,24
JUL-21 ,15,4,1125
JUL-21 ,15,11,16
JUL-21 ,16,4,717
JUL-21 ,16,11,77
JUL-21 ,17,4,72
JUL-21 ,17,11,10
JUL-21 ,18,4,218
JUL-21 ,18,11,44
JUL-21 ,19,4,5
JUL-21 ,19,11,12
JUL-21 ,20,4,100534
JUL-21 ,20,11,435
JUL-21 ,21,4,58067
JUL-21 ,21,11,208
JUL-21 ,22,4,12664
JUL-21 ,22,10,3
JUL-21 ,22,11,2280
JUL-21 ,23,4,514
JUL-21 ,23,11,23
JUL-21 ,25,4,320119
JUL-21 ,25,11,43046
JUL-21 ,26,4,63277
JUL-21 ,26,11,352
JUL-21 ,29,4,763200
JUL-21 ,29,11,389605
JUL-21 ,30,4,319
JUL-21 ,30,10,1
JUL-21 ,30,11,17234
JUL-21 ,34,4,2026924
JUL-21 ,34,11,89
JUL-21 ,49,4,607
JUL-21 ,49,11,9
JUL-22 ,1,2,23
JUL-22 ,1,3,444
JUL-22 ,1,4,40846
JUL-22 ,1,9,245
JUL-22 ,1,11,1634
JUL-22 ,1,13,434
JUL-22 ,2,1,14
JUL-22 ,2,2,36
JUL-22 ,2,3,360
JUL-22 ,2,4,6713
JUL-22 ,2,6,22
JUL-22 ,2,9,178
JUL-22 ,2,11,731
JUL-22 ,2,12,6
JUL-22 ,2,13,365
JUL-22 ,3,4,31877
JUL-22 ,3,8,615
JUL-22 ,3,9,40
JUL-22 ,3,11,2701
JUL-22 ,3,13,1150
JUL-22 ,4,4,4986
JUL-22 ,4,9,5
JUL-22 ,4,11,238
JUL-22 ,4,13,104
JUL-22 ,5,4,1923
JUL-22 ,5,9,2
JUL-22 ,5,10,2
JUL-22 ,5,11,100
JUL-22 ,6,4,2668
JUL-22 ,6,9,13
JUL-22 ,6,11,16
JUL-22 ,7,4,2163
JUL-22 ,7,11,7
JUL-22 ,8,8,9270
JUL-22 ,8,9,13
JUL-22 ,8,11,343
JUL-22 ,8,13,287
JUL-22 ,9,4,35
JUL-22 ,9,9,2
JUL-22 ,9,11,2
JUL-22 ,10,4,303
JUL-22 ,10,11,25
JUL-22 ,11,3,254
JUL-22 ,11,4,12594
JUL-22 ,11,5,851
JUL-22 ,11,9,129
JUL-22 ,11,11,141
JUL-22 ,11,13,439
JUL-22 ,12,3,38
JUL-22 ,12,4,4492
JUL-22 ,12,5,50
JUL-22 ,12,9,24
JUL-22 ,12,11,27
JUL-22 ,12,13,274
JUL-22 ,13,3,85
JUL-22 ,13,4,987
JUL-22 ,13,5,10
JUL-22 ,13,9,48
JUL-22 ,13,11,24
JUL-22 ,13,13,63
JUL-22 ,14,4,711
JUL-22 ,14,9,3
JUL-22 ,14,11,14
JUL-22 ,15,4,749
JUL-22 ,15,9,7
JUL-22 ,15,11,5
JUL-22 ,16,4,582
JUL-22 ,16,11,65
JUL-22 ,17,4,68
JUL-22 ,17,11,13
JUL-22 ,18,4,191
JUL-22 ,18,11,18
JUL-22 ,19,4,6
JUL-22 ,20,4,96519
JUL-22 ,20,9,41
JUL-22 ,20,10,3
JUL-22 ,20,11,186
JUL-22 ,21,4,91150
JUL-22 ,21,9,80
JUL-22 ,21,11,29829
JUL-22 ,22,4,39926
JUL-22 ,22,9,11
JUL-22 ,22,11,3622
JUL-22 ,23,4,305
JUL-22 ,23,11,9
JUL-22 ,25,4,227183
JUL-22 ,25,9,85
JUL-22 ,25,11,48991
JUL-22 ,26,4,69917
JUL-22 ,26,9,90
JUL-22 ,26,11,285
JUL-22 ,29,4,1299903
JUL-22 ,29,11,470061
JUL-22 ,30,4,261
JUL-22 ,30,11,10605
JUL-22 ,34,4,1676938
JUL-22 ,34,9,11
JUL-22 ,34,11,88
JUL-22 ,49,4,571
JUL-22 ,49,9,8
JUL-22 ,49,11,5
JUN-19 ,1,2,22
JUN-19 ,1,3,448
JUN-19 ,1,4,51999
JUN-19 ,1,9,221
JUN-19 ,1,10,1
JUN-19 ,1,11,5809
JUN-19 ,1,13,575
JUN-19 ,2,1,96
JUN-19 ,2,2,8
JUN-19 ,2,3,50
JUN-19 ,2,4,3277
JUN-19 ,2,6,24
JUN-19 ,2,9,25
JUN-19 ,2,11,1025
JUN-19 ,2,13,129
JUN-19 ,3,4,29156
JUN-19 ,3,8,1502
JUN-19 ,3,11,4793
JUN-19 ,3,13,940
JUN-19 ,4,4,6330
JUN-19 ,4,11,483
JUN-19 ,4,13,91
JUN-19 ,5,4,1586
JUN-19 ,5,10,2
JUN-19 ,5,11,234
JUN-19 ,6,4,6279
JUN-19 ,6,11,114
JUN-19 ,7,4,3141
JUN-19 ,7,11,33
JUN-19 ,8,8,14726
JUN-19 ,8,11,1252
JUN-19 ,8,13,300
JUN-19 ,9,4,48
JUN-19 ,9,11,9
JUN-19 ,10,4,271
JUN-19 ,10,11,16
JUN-19 ,11,3,466
JUN-19 ,11,4,11209
JUN-19 ,11,5,306
JUN-19 ,11,9,233
JUN-19 ,11,11,279
JUN-19 ,11,13,454
JUN-19 ,12,3,44
JUN-19 ,12,4,3254
JUN-19 ,12,5,21
JUN-19 ,12,9,22
JUN-19 ,12,11,101
JUN-19 ,12,13,121
JUN-19 ,13,3,90
JUN-19 ,13,4,1828
JUN-19 ,13,5,9
JUN-19 ,13,7,2
JUN-19 ,13,9,46
JUN-19 ,13,11,96
JUN-19 ,13,13,100
JUN-19 ,14,4,2526
JUN-19 ,14,11,74
JUN-19 ,15,4,970
JUN-19 ,15,11,39
JUN-19 ,16,4,539
JUN-19 ,16,11,92
JUN-19 ,17,4,98
JUN-19 ,17,11,20
JUN-19 ,18,4,523
JUN-19 ,18,11,21
JUN-19 ,19,4,9
JUN-19 ,19,11,5
JUN-19 ,20,4,197956
JUN-19 ,20,11,3987
JUN-19 ,21,4,94413
JUN-19 ,21,10,1
JUN-19 ,21,11,926
JUN-19 ,22,4,6739
JUN-19 ,22,10,2
JUN-19 ,22,11,61
JUN-19 ,23,4,17298
JUN-19 ,23,11,39
JUN-19 ,25,4,280250
JUN-19 ,25,11,3014
JUN-19 ,26,4,77690
JUN-19 ,26,11,1309
JUN-19 ,29,4,1107768
JUN-19 ,29,11,1127705
JUN-19 ,30,4,4033
JUN-19 ,30,11,49476
JUN-19 ,34,4,1376027
JUN-19 ,34,10,11
JUN-19 ,34,11,210
JUN-20 ,1,2,14
JUN-20 ,1,3,346
JUN-20 ,1,4,54332
JUN-20 ,1,9,170
JUN-20 ,1,10,1
JUN-20 ,1,11,4564
JUN-20 ,1,13,382
JUN-20 ,2,1,36
JUN-20 ,2,2,16
JUN-20 ,2,3,68
JUN-20 ,2,4,4650
JUN-20 ,2,6,12
JUN-20 ,2,9,36
JUN-20 ,2,11,551
JUN-20 ,2,13,153
JUN-20 ,3,4,33357
JUN-20 ,3,8,781
JUN-20 ,3,11,3109
JUN-20 ,3,13,1040
JUN-20 ,4,4,6825
JUN-20 ,4,10,3
JUN-20 ,4,11,320
JUN-20 ,4,13,123
JUN-20 ,5,4,1565
JUN-20 ,5,10,5
JUN-20 ,5,11,145
JUN-20 ,6,4,7302
JUN-20 ,6,11,88
JUN-20 ,7,4,3343
JUN-20 ,7,11,206
JUN-20 ,8,8,12898
JUN-20 ,8,11,618
JUN-20 ,8,13,314
JUN-20 ,9,4,36
JUN-20 ,9,11,5
JUN-20 ,10,4,257
JUN-20 ,10,11,26
JUN-20 ,11,3,314
JUN-20 ,11,4,11415
JUN-20 ,11,5,664
JUN-20 ,11,9,156
JUN-20 ,11,11,254
JUN-20 ,11,13,491
JUN-20 ,12,3,20
JUN-20 ,12,4,2602
JUN-20 ,12,5,22
JUN-20 ,12,9,10
JUN-20 ,12,11,37
JUN-20 ,12,13,98
JUN-20 ,13,3,50
JUN-20 ,13,4,2086
JUN-20 ,13,5,16
JUN-20 ,13,9,25
JUN-20 ,13,11,59
JUN-20 ,13,13,89
JUN-20 ,14,4,2499
JUN-20 ,14,11,55
JUN-20 ,15,4,1738
JUN-20 ,15,11,110
JUN-20 ,16,4,624
JUN-20 ,16,11,81
JUN-20 ,17,4,89
JUN-20 ,17,11,23
JUN-20 ,18,4,523
JUN-20 ,18,11,59
JUN-20 ,19,4,19
JUN-20 ,19,11,3
JUN-20 ,20,4,128090
JUN-20 ,20,10,2
JUN-20 ,20,11,841
JUN-20 ,21,4,62869
JUN-20 ,21,10,5
JUN-20 ,21,11,395
JUN-20 ,22,4,2309
JUN-20 ,22,11,67
JUN-20 ,23,4,2370
JUN-20 ,23,11,32
JUN-20 ,25,4,73954
JUN-20 ,25,11,6595
JUN-20 ,26,4,47734
JUN-20 ,26,10,12
JUN-20 ,26,11,870
JUN-20 ,29,4,1837489
JUN-20 ,29,11,1521577
JUN-20 ,30,4,1474
JUN-20 ,30,11,6925
JUN-20 ,34,4,3244352
JUN-20 ,34,10,2
JUN-20 ,34,11,250
JUN-21 ,1,2,21
JUN-21 ,1,3,506
JUN-21 ,1,4,54713
JUN-21 ,1,9,251
JUN-21 ,1,11,1910
JUN-21 ,1,13,447
JUN-21 ,2,1,19
JUN-21 ,2,2,43
JUN-21 ,2,3,120
JUN-21 ,2,4,6263
JUN-21 ,2,6,12
JUN-21 ,2,9,61
JUN-21 ,2,11,621
JUN-21 ,2,13,276
JUN-21 ,3,4,44982
JUN-21 ,3,8,731
JUN-21 ,3,11,2916
JUN-21 ,3,13,1443
JUN-21 ,4,4,6505
JUN-21 ,4,11,272
JUN-21 ,4,13,101
JUN-21 ,5,4,2299
JUN-21 ,5,10,5
JUN-21 ,5,11,105
JUN-21 ,6,4,5809
JUN-21 ,6,11,258
JUN-21 ,7,4,4405
JUN-21 ,7,11,25
JUN-21 ,8,8,13319
JUN-21 ,8,11,553
JUN-21 ,8,13,296
JUN-21 ,9,4,35
JUN-21 ,9,11,9
JUN-21 ,10,4,225
JUN-21 ,10,11,6
JUN-21 ,11,3,308
JUN-21 ,11,4,14557
JUN-21 ,11,5,638
JUN-21 ,11,9,155
JUN-21 ,11,11,133
JUN-21 ,11,13,677
JUN-21 ,12,3,30
JUN-21 ,12,4,2610
JUN-21 ,12,5,18
JUN-21 ,12,9,15
JUN-21 ,12,11,4
JUN-21 ,12,13,162
JUN-21 ,13,3,86
JUN-21 ,13,4,1366
JUN-21 ,13,5,9
JUN-21 ,13,9,43
JUN-21 ,13,11,75
JUN-21 ,13,13,102
JUN-21 ,14,4,2774
JUN-21 ,14,11,20
JUN-21 ,15,4,1181
JUN-21 ,15,11,33
JUN-21 ,16,4,957
JUN-21 ,16,11,84
JUN-21 ,17,4,98
JUN-21 ,17,11,17
JUN-21 ,18,4,858
JUN-21 ,18,11,94
JUN-21 ,19,4,25
JUN-21 ,19,11,34
JUN-21 ,20,4,165289
JUN-21 ,20,11,669
JUN-21 ,21,4,87264
JUN-21 ,21,11,252
JUN-21 ,22,4,20333
JUN-21 ,22,10,37
JUN-21 ,22,11,1916
JUN-21 ,23,4,3925
JUN-21 ,23,11,10
JUN-21 ,25,4,269437
JUN-21 ,25,11,19493
JUN-21 ,26,4,74712
JUN-21 ,26,10,134
JUN-21 ,26,11,592
JUN-21 ,29,4,1008347
JUN-21 ,29,11,505733
JUN-21 ,30,4,511
JUN-21 ,30,11,23425
JUN-21 ,34,4,1636124
JUN-21 ,34,11,97
JUN-21 ,49,4,883
JUN-21 ,49,11,5
JUN-22 ,1,2,27
JUN-22 ,1,3,522
JUN-22 ,1,4,47383
JUN-22 ,1,9,262
JUN-22 ,1,11,1594
JUN-22 ,1,13,438
JUN-22 ,2,1,22
JUN-22 ,2,2,31
JUN-22 ,2,3,346
JUN-22 ,2,4,6507
JUN-22 ,2,6,20
JUN-22 ,2,9,176
JUN-22 ,2,11,693
JUN-22 ,2,12,15
JUN-22 ,2,13,328
JUN-22 ,3,4,34093
JUN-22 ,3,8,607
JUN-22 ,3,11,2816
JUN-22 ,3,13,1106
JUN-22 ,4,4,6171
JUN-22 ,4,11,233
JUN-22 ,4,13,122
JUN-22 ,5,4,1882
JUN-22 ,5,10,1
JUN-22 ,5,11,128
JUN-22 ,6,4,5086
JUN-22 ,6,11,570
JUN-22 ,7,4,4862
JUN-22 ,7,11,29
JUN-22 ,8,8,12695
JUN-22 ,8,11,479
JUN-22 ,8,13,309
JUN-22 ,9,4,58
JUN-22 ,10,4,303
JUN-22 ,10,11,8
JUN-22 ,11,3,239
JUN-22 ,11,4,13615
JUN-22 ,11,5,817
JUN-22 ,11,9,120
JUN-22 ,11,11,128
JUN-22 ,11,13,529
JUN-22 ,12,3,154
JUN-22 ,12,4,3072
JUN-22 ,12,5,19
JUN-22 ,12,9,77
JUN-22 ,12,11,19
JUN-22 ,12,13,154
JUN-22 ,13,3,76
JUN-22 ,13,4,1403
JUN-22 ,13,5,11
JUN-22 ,13,9,38
JUN-22 ,13,11,45
JUN-22 ,13,13,116
JUN-22 ,14,4,2091
JUN-22 ,14,11,33
JUN-22 ,15,4,828
JUN-22 ,15,11,10
JUN-22 ,16,4,671
JUN-22 ,16,11,98
JUN-22 ,17,4,94
JUN-22 ,17,11,11
JUN-22 ,18,4,693
JUN-22 ,18,11,61
JUN-22 ,19,4,19
JUN-22 ,19,11,3
JUN-22 ,20,4,160630
JUN-22 ,20,11,670
JUN-22 ,21,4,220443
JUN-22 ,21,9,3
JUN-22 ,21,11,348
JUN-22 ,22,4,33033
JUN-22 ,22,10,132
JUN-22 ,22,11,2559
JUN-22 ,23,4,1314
JUN-22 ,23,11,6
JUN-22 ,25,4,313196
JUN-22 ,25,9,7
JUN-22 ,25,11,46817
JUN-22 ,26,4,97918
JUN-22 ,26,11,327
JUN-22 ,29,4,1306008
JUN-22 ,29,11,504489
JUN-22 ,30,4,1063
JUN-22 ,30,11,16096
JUN-22 ,34,4,2499327
JUN-22 ,34,9,1
JUN-22 ,34,11,127
JUN-22 ,49,4,825
JUN-22 ,49,11,5
MAR-19 ,1,2,29
MAR-19 ,1,3,462
MAR-19 ,1,4,70812
MAR-19 ,1,9,223
MAR-19 ,1,11,9614
MAR-19 ,1,13,527
MAR-19 ,2,1,14
MAR-19 ,2,2,5
MAR-19 ,2,3,50
MAR-19 ,2,4,1817
MAR-19 ,2,6,10
MAR-19 ,2,9,25
MAR-19 ,2,11,1495
MAR-19 ,2,13,54
MAR-19 ,3,4,29796
MAR-19 ,3,8,1472
MAR-19 ,3,11,5547
MAR-19 ,3,13,950
MAR-19 ,4,4,6196
MAR-19 ,4,10,2
MAR-19 ,4,11,1144
MAR-19 ,4,13,81
MAR-19 ,5,4,811
MAR-19 ,5,10,1
MAR-19 ,5,11,215
MAR-19 ,6,4,8107
MAR-19 ,6,11,405
MAR-19 ,7,4,4167
MAR-19 ,7,11,102
MAR-19 ,8,8,12976
MAR-19 ,8,10,2
MAR-19 ,8,11,1509
MAR-19 ,8,13,247
MAR-19 ,9,4,74
MAR-19 ,9,11,4
MAR-19 ,10,4,233
MAR-19 ,10,10,1
MAR-19 ,10,11,34
MAR-19 ,11,3,128
MAR-19 ,11,4,5287
MAR-19 ,11,5,147
MAR-19 ,11,9,62
MAR-19 ,11,11,212
MAR-19 ,11,13,245
MAR-19 ,12,3,58
MAR-19 ,12,4,3385
MAR-19 ,12,5,63
MAR-19 ,12,9,29
MAR-19 ,12,11,236
MAR-19 ,12,13,158
MAR-19 ,13,3,84
MAR-19 ,13,4,2029
MAR-19 ,13,5,12
MAR-19 ,13,9,42
MAR-19 ,13,11,119
MAR-19 ,13,13,102
MAR-19 ,14,4,1530
MAR-19 ,14,11,37
MAR-19 ,15,4,723
MAR-19 ,15,11,52
MAR-19 ,16,4,341
MAR-19 ,16,11,18
MAR-19 ,17,4,74
MAR-19 ,17,11,22
MAR-19 ,18,4,122
MAR-19 ,18,11,6
MAR-19 ,19,4,59
MAR-19 ,19,11,6
MAR-19 ,20,4,247859
MAR-19 ,20,11,19504
MAR-19 ,21,4,108630
MAR-19 ,21,11,1513
MAR-19 ,22,4,2766
MAR-19 ,22,10,1
MAR-19 ,22,11,84
MAR-19 ,23,4,5388
MAR-19 ,23,11,105
MAR-19 ,25,4,341843
MAR-19 ,25,10,3
MAR-19 ,25,11,36498
MAR-19 ,26,4,77095
MAR-19 ,26,11,1965
MAR-19 ,29,4,1129395
MAR-19 ,29,11,994808
MAR-19 ,30,4,5611
MAR-19 ,30,11,55216
MAR-19 ,34,4,787460
MAR-19 ,34,10,202
MAR-19 ,34,11,1619
MAR-20 ,1,2,25
MAR-20 ,1,3,438
MAR-20 ,1,4,65299
MAR-20 ,1,9,215
MAR-20 ,1,10,52
MAR-20 ,1,11,6783
MAR-20 ,1,13,871
MAR-20 ,2,1,36
MAR-20 ,2,2,11
MAR-20 ,2,3,52
MAR-20 ,2,4,3504
MAR-20 ,2,6,3
MAR-20 ,2,9,26
MAR-20 ,2,10,3
MAR-20 ,2,11,762
MAR-20 ,2,13,114
MAR-20 ,3,4,30200
MAR-20 ,3,8,1206
MAR-20 ,3,10,2
MAR-20 ,3,11,3690
MAR-20 ,3,13,972
MAR-20 ,4,4,5976
MAR-20 ,4,11,346
MAR-20 ,4,13,114
MAR-20 ,5,4,2377
MAR-20 ,5,10,5
MAR-20 ,5,11,200
MAR-20 ,6,4,5693
MAR-20 ,6,11,89
MAR-20 ,7,4,2971
MAR-20 ,7,11,45
MAR-20 ,8,8,12296
MAR-20 ,8,10,4
MAR-20 ,8,11,531
MAR-20 ,8,13,410
MAR-20 ,9,4,47
MAR-20 ,10,4,388
MAR-20 ,10,11,18
MAR-20 ,11,3,222
MAR-20 ,11,4,6797
MAR-20 ,11,5,353
MAR-20 ,11,9,111
MAR-20 ,11,10,19
MAR-20 ,11,11,179
MAR-20 ,11,13,478
MAR-20 ,12,3,52
MAR-20 ,12,4,3154
MAR-20 ,12,5,28
MAR-20 ,12,9,22
MAR-20 ,12,10,4
MAR-20 ,12,11,60
MAR-20 ,12,13,109
MAR-20 ,13,3,46
MAR-20 ,13,4,2107
MAR-20 ,13,5,8
MAR-20 ,13,9,22
MAR-20 ,13,10,1
MAR-20 ,13,11,64
MAR-20 ,13,13,95
MAR-20 ,14,4,1580
MAR-20 ,14,11,35
MAR-20 ,15,4,1230
MAR-20 ,15,11,23
MAR-20 ,16,4,587
MAR-20 ,16,11,71
MAR-20 ,17,4,94
MAR-20 ,17,11,16
MAR-20 ,18,4,178
MAR-20 ,18,11,12
MAR-20 ,19,4,10
MAR-20 ,19,11,6
MAR-20 ,20,4,191020
MAR-20 ,20,11,915
MAR-20 ,21,4,966716
MAR-20 ,21,10,1
MAR-20 ,21,11,3746
MAR-20 ,22,4,1575
MAR-20 ,22,10,3
MAR-20 ,22,11,186
MAR-20 ,23,4,13503
MAR-20 ,23,11,32
MAR-20 ,25,4,167338
MAR-20 ,25,10,158
MAR-20 ,25,11,5694
MAR-20 ,26,4,45752
MAR-20 ,26,11,805
MAR-20 ,29,4,1459089
MAR-20 ,29,11,1258069
MAR-20 ,30,4,1159
MAR-20 ,30,10,5
MAR-20 ,30,11,16965
MAR-20 ,34,4,6429596
MAR-20 ,34,10,41
MAR-20 ,34,11,2210
MAR-21 ,1,2,16
MAR-21 ,1,3,606
MAR-21 ,1,4,74391
MAR-21 ,1,9,307
MAR-21 ,1,11,3292
MAR-21 ,1,13,581
MAR-21 ,2,1,12
MAR-21 ,2,2,11
MAR-21 ,2,3,156
MAR-21 ,2,4,5754
MAR-21 ,2,6,6
MAR-21 ,2,9,82
MAR-21 ,2,11,654
MAR-21 ,2,13,186
MAR-21 ,3,4,32426
MAR-21 ,3,8,1062
MAR-21 ,3,11,2903
MAR-21 ,3,13,1201
MAR-21 ,4,4,5038
MAR-21 ,4,11,237
MAR-21 ,4,13,76
MAR-21 ,5,4,2167
MAR-21 ,5,9,1
MAR-21 ,5,11,176
MAR-21 ,6,4,5345
MAR-21 ,6,11,190
MAR-21 ,7,4,3469
MAR-21 ,7,11,21
MAR-21 ,8,8,9946
MAR-21 ,8,11,1023
MAR-21 ,8,13,234
MAR-21 ,9,4,37
MAR-21 ,9,11,6
MAR-21 ,10,4,243
MAR-21 ,10,11,10
MAR-21 ,11,3,180
MAR-21 ,11,4,8126
MAR-21 ,11,5,422
MAR-21 ,11,9,91
MAR-21 ,11,11,116
MAR-21 ,11,13,680
MAR-21 ,12,3,26
MAR-21 ,12,4,2394
MAR-21 ,12,5,22
MAR-21 ,12,9,16
MAR-21 ,12,11,30
MAR-21 ,12,13,143
MAR-21 ,13,3,74
MAR-21 ,13,4,1225
MAR-21 ,13,5,13
MAR-21 ,13,9,37
MAR-21 ,13,11,36
MAR-21 ,13,13,83
MAR-21 ,14,4,1228
MAR-21 ,14,11,14
MAR-21 ,15,4,1144
MAR-21 ,15,11,23
MAR-21 ,16,4,688
MAR-21 ,16,11,61
MAR-21 ,17,4,76
MAR-21 ,17,11,14
MAR-21 ,18,4,239
MAR-21 ,18,11,37
MAR-21 ,19,4,34
MAR-21 ,19,11,3
MAR-21 ,20,4,395647
MAR-21 ,20,9,1
MAR-21 ,20,11,824
MAR-21 ,21,4,63012
MAR-21 ,21,11,196
MAR-21 ,22,4,4354
MAR-21 ,22,10,6753
MAR-21 ,22,11,814
MAR-21 ,23,4,1998
MAR-21 ,23,11,13
MAR-21 ,25,4,38352
MAR-21 ,25,11,9323
MAR-21 ,26,4,71654
MAR-21 ,26,11,415
MAR-21 ,29,4,1038358
MAR-21 ,29,11,544549
MAR-21 ,30,4,709
MAR-21 ,30,11,20900
MAR-21 ,34,4,1768115
MAR-21 ,34,11,117
MAR-21 ,49,4,670
MAR-21 ,49,11,15
MAR-22 ,1,2,21
MAR-22 ,1,3,1624
MAR-22 ,1,4,54228
MAR-22 ,1,9,821
MAR-22 ,1,11,2523
MAR-22 ,1,13,705
MAR-22 ,1,15,1
MAR-22 ,2,1,24
MAR-22 ,2,2,19
MAR-22 ,2,3,264
MAR-22 ,2,4,5714
MAR-22 ,2,6,16
MAR-22 ,2,9,135
MAR-22 ,2,11,755
MAR-22 ,2,12,31
MAR-22 ,2,13,336
MAR-22 ,3,4,30216
MAR-22 ,3,8,1120
MAR-22 ,3,11,2709
MAR-22 ,3,13,989
MAR-22 ,4,4,5617
MAR-22 ,4,11,253
MAR-22 ,4,13,93
MAR-22 ,5,4,2388
MAR-22 ,5,10,3
MAR-22 ,5,11,150
MAR-22 ,6,4,5239
MAR-22 ,6,11,156
MAR-22 ,7,4,3760
MAR-22 ,7,11,18
MAR-22 ,8,8,11420
MAR-22 ,8,11,374
MAR-22 ,8,13,286
MAR-22 ,9,4,57
MAR-22 ,9,11,2
MAR-22 ,10,4,343
MAR-22 ,10,10,2
MAR-22 ,10,11,7
MAR-22 ,11,3,190
MAR-22 ,11,4,7815
MAR-22 ,11,5,450
MAR-22 ,11,9,96
MAR-22 ,11,11,134
MAR-22 ,11,13,444
MAR-22 ,12,3,78
MAR-22 ,12,4,3530
MAR-22 ,12,5,9
MAR-22 ,12,9,39
MAR-22 ,12,11,26
MAR-22 ,12,13,192
MAR-22 ,13,3,72
MAR-22 ,13,4,1252
MAR-22 ,13,5,6
MAR-22 ,13,9,36
MAR-22 ,13,11,53
MAR-22 ,13,13,103
MAR-22 ,14,4,1263
MAR-22 ,14,11,16
MAR-22 ,15,4,1303
MAR-22 ,15,11,16
MAR-22 ,16,4,712
MAR-22 ,16,11,89
MAR-22 ,17,4,119
MAR-22 ,17,11,7
MAR-22 ,18,4,330
MAR-22 ,18,11,22
MAR-22 ,19,4,14
MAR-22 ,19,11,4
MAR-22 ,20,4,157132
MAR-22 ,20,10,2
MAR-22 ,20,11,604
MAR-22 ,21,4,198286
MAR-22 ,21,11,303
MAR-22 ,22,4,20701
MAR-22 ,22,10,27
MAR-22 ,22,11,2237
MAR-22 ,23,4,291
MAR-22 ,23,11,20
MAR-22 ,25,4,177800
MAR-22 ,25,11,22521
MAR-22 ,26,4,538232
MAR-22 ,26,11,289
MAR-22 ,29,4,1053223
MAR-22 ,29,11,639724
MAR-22 ,30,4,9280
MAR-22 ,30,10,2
MAR-22 ,30,11,23517
MAR-22 ,34,4,1860248
MAR-22 ,34,11,227
MAR-22 ,49,4,1191
MAR-22 ,49,11,13
MAY-19 ,1,2,24
MAY-19 ,1,3,380
MAY-19 ,1,4,53063
MAY-19 ,1,9,192
MAY-19 ,1,11,6688
MAY-19 ,1,13,573
MAY-19 ,2,1,13
MAY-19 ,2,2,6
MAY-19 ,2,3,50
MAY-19 ,2,4,2158
MAY-19 ,2,6,10
MAY-19 ,2,9,25
MAY-19 ,2,11,1002
MAY-19 ,2,13,87
MAY-19 ,3,4,27790
MAY-19 ,3,8,2278
MAY-19 ,3,11,4909
MAY-19 ,3,13,962
MAY-19 ,4,4,6336
MAY-19 ,4,11,544
MAY-19 ,4,13,99
MAY-19 ,5,4,1383
MAY-19 ,5,11,193
MAY-19 ,6,4,7731
MAY-19 ,6,11,234
MAY-19 ,7,4,3251
MAY-19 ,7,11,46
MAY-19 ,8,8,13533
MAY-19 ,8,11,1062
MAY-19 ,8,13,269
MAY-19 ,9,4,57
MAY-19 ,9,11,9
MAY-19 ,10,4,205
MAY-19 ,10,10,1
MAY-19 ,10,11,19
MAY-19 ,11,3,196
MAY-19 ,11,4,7338
MAY-19 ,11,5,198
MAY-19 ,11,9,97
MAY-19 ,11,11,242
MAY-19 ,11,13,360
MAY-19 ,12,3,44
MAY-19 ,12,4,4094
MAY-19 ,12,5,22
MAY-19 ,12,9,22
MAY-19 ,12,11,213
MAY-19 ,12,13,142
MAY-19 ,13,3,60
MAY-19 ,13,4,1939
MAY-19 ,13,5,13
MAY-19 ,13,9,30
MAY-19 ,13,11,102
MAY-19 ,13,13,119
MAY-19 ,14,4,1911
MAY-19 ,14,11,51
MAY-19 ,15,4,975
MAY-19 ,15,11,64
MAY-19 ,16,4,418
MAY-19 ,16,11,56
MAY-19 ,17,4,89
MAY-19 ,17,11,9
MAY-19 ,18,4,236
MAY-19 ,18,11,12
MAY-19 ,19,4,7
MAY-19 ,19,11,3
MAY-19 ,20,4,241717
MAY-19 ,20,11,5542
MAY-19 ,21,4,117856
MAY-19 ,21,11,1029
MAY-19 ,22,4,3603
MAY-19 ,22,11,104
MAY-19 ,23,4,48491
MAY-19 ,23,11,87
MAY-19 ,25,4,76358
MAY-19 ,25,10,20
MAY-19 ,25,11,4461
MAY-19 ,26,4,72239
MAY-19 ,26,11,1512
MAY-19 ,29,4,1037561
MAY-19 ,29,11,841760
MAY-19 ,30,4,4309
MAY-19 ,30,11,65647
MAY-19 ,34,4,1815682
MAY-19 ,34,10,78
MAY-19 ,34,11,760
MAY-20 ,1,2,17
MAY-20 ,1,3,244
MAY-20 ,1,4,48507
MAY-20 ,1,9,121
MAY-20 ,1,11,3525
MAY-20 ,1,13,440
MAY-20 ,2,1,31
MAY-20 ,2,2,14
MAY-20 ,2,3,64
MAY-20 ,2,4,4026
MAY-20 ,2,6,6
MAY-20 ,2,9,30
MAY-20 ,2,11,495
MAY-20 ,2,13,137
MAY-20 ,3,4,26383
MAY-20 ,3,8,898
MAY-20 ,3,11,2390
MAY-20 ,3,13,779
MAY-20 ,4,4,5439
MAY-20 ,4,11,223
MAY-20 ,4,13,75
MAY-20 ,5,4,1443
MAY-20 ,5,10,3
MAY-20 ,5,11,122
MAY-20 ,6,4,5454
MAY-20 ,6,11,37
MAY-20 ,7,4,2895
MAY-20 ,7,11,15
MAY-20 ,8,8,10511
MAY-20 ,8,11,439
MAY-20 ,8,13,260
MAY-20 ,9,4,34
MAY-20 ,9,11,1
MAY-20 ,10,4,256
MAY-20 ,10,11,10
MAY-20 ,11,3,266
MAY-20 ,11,4,8138
MAY-20 ,11,5,276
MAY-20 ,11,9,134
MAY-20 ,11,11,199
MAY-20 ,11,13,469
MAY-20 ,12,3,18
MAY-20 ,12,4,2610
MAY-20 ,12,5,29
MAY-20 ,12,9,9
MAY-20 ,12,11,35
MAY-20 ,12,13,85
MAY-20 ,13,3,40
MAY-20 ,13,4,1774
MAY-20 ,13,5,10
MAY-20 ,13,9,20
MAY-20 ,13,11,37
MAY-20 ,13,13,53
MAY-20 ,14,4,1976
MAY-20 ,14,11,28
MAY-20 ,15,4,917
MAY-20 ,15,11,25
MAY-20 ,16,4,570
MAY-20 ,16,11,76
MAY-20 ,17,4,68
MAY-20 ,17,11,16
MAY-20 ,18,4,334
MAY-20 ,18,11,8
MAY-20 ,19,4,16
MAY-20 ,19,11,8
MAY-20 ,20,4,127535
MAY-20 ,20,11,615
MAY-20 ,21,4,55981
MAY-20 ,21,10,7
MAY-20 ,21,11,344
MAY-20 ,22,4,1110
MAY-20 ,22,11,64
MAY-20 ,23,4,4451
MAY-20 ,23,11,32
MAY-20 ,25,4,49576
MAY-20 ,25,10,9
MAY-20 ,25,11,8264
MAY-20 ,26,4,36928
MAY-20 ,26,10,4
MAY-20 ,26,11,438
MAY-20 ,29,4,1510884
MAY-20 ,29,11,1185312
MAY-20 ,30,4,403
MAY-20 ,30,11,7099
MAY-20 ,34,4,2233010
MAY-20 ,34,10,1
MAY-20 ,34,11,141
MAY-21 ,1,2,19
MAY-21 ,1,3,438
MAY-21 ,1,4,51259
MAY-21 ,1,9,218
MAY-21 ,1,11,9585
MAY-21 ,1,13,432
MAY-21 ,2,1,58
MAY-21 ,2,2,17
MAY-21 ,2,3,80
MAY-21 ,2,4,4523
MAY-21 ,2,6,4
MAY-21 ,2,9,38
MAY-21 ,2,11,536
MAY-21 ,2,13,173
MAY-21 ,3,4,26336
MAY-21 ,3,8,724
MAY-21 ,3,11,2035
MAY-21 ,3,13,958
MAY-21 ,4,4,5073
MAY-21 ,4,11,194
MAY-21 ,4,13,53
MAY-21 ,5,4,1613
MAY-21 ,5,11,104
MAY-21 ,6,4,4449
MAY-21 ,6,11,84
MAY-21 ,7,4,3235
MAY-21 ,7,11,12
MAY-21 ,8,8,9779
MAY-21 ,8,11,306
MAY-21 ,8,13,200
MAY-21 ,9,4,23
MAY-21 ,9,11,2
MAY-21 ,10,4,197
MAY-21 ,10,11,4
MAY-21 ,11,3,214
MAY-21 ,11,4,9193
MAY-21 ,11,5,366
MAY-21 ,11,9,105
MAY-21 ,11,11,114
MAY-21 ,11,13,647
MAY-21 ,12,3,60
MAY-21 ,12,4,2357
MAY-21 ,12,5,14
MAY-21 ,12,9,30
MAY-21 ,12,11,15
MAY-21 ,12,13,134
MAY-21 ,13,3,92
MAY-21 ,13,4,1215
MAY-21 ,13,5,12
MAY-21 ,13,9,46
MAY-21 ,13,11,29
MAY-21 ,13,13,81
MAY-21 ,14,4,1818
MAY-21 ,14,11,13
MAY-21 ,15,4,911
MAY-21 ,15,11,33
MAY-21 ,16,4,595
MAY-21 ,16,11,64
MAY-21 ,17,4,68
MAY-21 ,17,11,7
MAY-21 ,18,4,556
MAY-21 ,18,11,53
MAY-21 ,19,4,17
MAY-21 ,19,11,8
MAY-21 ,20,4,109556
MAY-21 ,20,11,714
MAY-21 ,21,4,57679
MAY-21 ,21,11,181
MAY-21 ,22,4,4890
MAY-21 ,22,11,1680
MAY-21 ,23,4,3235
MAY-21 ,23,11,9
MAY-21 ,25,4,112318
MAY-21 ,25,11,8588
MAY-21 ,26,4,81693
MAY-21 ,26,11,411
MAY-21 ,29,4,875823
MAY-21 ,29,11,402154
MAY-21 ,30,4,1016
MAY-21 ,30,11,17915
MAY-21 ,34,4,2211728
MAY-21 ,34,11,122
MAY-21 ,49,4,676
MAY-21 ,49,11,5
MAY-22 ,1,2,14
MAY-22 ,1,3,598
MAY-22 ,1,4,40523
MAY-22 ,1,9,300
MAY-22 ,1,11,1383
MAY-22 ,1,13,693
MAY-22 ,2,1,19
MAY-22 ,2,2,22
MAY-22 ,2,3,188
MAY-22 ,2,4,5093
MAY-22 ,2,6,14
MAY-22 ,2,9,93
MAY-22 ,2,11,620
MAY-22 ,2,12,25
MAY-22 ,2,13,285
MAY-22 ,3,4,28480
MAY-22 ,3,8,692
MAY-22 ,3,11,3058
MAY-22 ,3,13,942
MAY-22 ,4,4,5442
MAY-22 ,4,11,235
MAY-22 ,4,13,79
MAY-22 ,5,4,2086
MAY-22 ,5,10,2
MAY-22 ,5,11,179
MAY-22 ,6,4,5472
MAY-22 ,6,11,557
MAY-22 ,7,4,3628
MAY-22 ,7,11,20
MAY-22 ,8,8,10447
MAY-22 ,8,11,407
MAY-22 ,8,13,281
MAY-22 ,9,4,40
MAY-22 ,9,11,1
MAY-22 ,10,4,252
MAY-22 ,10,11,10
MAY-22 ,11,3,148
MAY-22 ,11,4,9252
MAY-22 ,11,5,628
MAY-22 ,11,9,71
MAY-22 ,11,11,94
MAY-22 ,11,13,416
MAY-22 ,12,3,74
MAY-22 ,12,4,4049
MAY-22 ,12,5,22
MAY-22 ,12,9,37
MAY-22 ,12,11,22
MAY-22 ,12,13,219
MAY-22 ,13,3,129
MAY-22 ,13,4,1260
MAY-22 ,13,5,6
MAY-22 ,13,9,66
MAY-22 ,13,11,25
MAY-22 ,13,13,83
MAY-22 ,14,4,2661
MAY-22 ,14,11,30
MAY-22 ,15,4,1029
MAY-22 ,15,11,15
MAY-22 ,16,4,644
MAY-22 ,16,11,69
MAY-22 ,17,4,84
MAY-22 ,17,11,16
MAY-22 ,18,4,966
MAY-22 ,18,11,68
MAY-22 ,19,4,11
MAY-22 ,19,11,3
MAY-22 ,20,4,232480
MAY-22 ,20,11,354
MAY-22 ,21,4,63733
MAY-22 ,21,10,2
MAY-22 ,21,11,134
MAY-22 ,22,4,90358
MAY-22 ,22,10,489
MAY-22 ,22,11,1939
MAY-22 ,23,4,754
MAY-22 ,23,11,6
MAY-22 ,25,4,266725
MAY-22 ,25,11,41890
MAY-22 ,26,4,49863
MAY-22 ,26,10,1
MAY-22 ,26,11,233
MAY-22 ,29,4,1224057
MAY-22 ,29,11,402240
MAY-22 ,30,4,388
MAY-22 ,30,11,18157
MAY-22 ,34,4,1701716
MAY-22 ,34,11,87
MAY-22 ,49,4,802
MAY-22 ,49,11,12
NOV-19 ,1,2,22
NOV-19 ,1,3,496
NOV-19 ,1,4,61275
NOV-19 ,1,9,250
NOV-19 ,1,11,4309
NOV-19 ,1,13,748
NOV-19 ,2,1,54
NOV-19 ,2,2,21
NOV-19 ,2,3,70
NOV-19 ,2,4,2740
NOV-19 ,2,6,15
NOV-19 ,2,9,35
NOV-19 ,2,11,640
NOV-19 ,2,13,134
NOV-19 ,3,4,29498
NOV-19 ,3,8,1639
NOV-19 ,3,11,3476
NOV-19 ,3,13,989
NOV-19 ,4,4,8230
NOV-19 ,4,11,596
NOV-19 ,4,13,106
NOV-19 ,5,4,1997
NOV-19 ,5,10,10
NOV-19 ,5,11,274
NOV-19 ,6,4,6549
NOV-19 ,6,11,331
NOV-19 ,7,4,4260
NOV-19 ,7,11,46
NOV-19 ,8,8,16153
NOV-19 ,8,11,1067
NOV-19 ,8,13,400
NOV-19 ,9,4,41
NOV-19 ,9,11,6
NOV-19 ,10,4,368
NOV-19 ,10,10,2
NOV-19 ,10,11,31
NOV-19 ,11,3,220
NOV-19 ,11,4,7203
NOV-19 ,11,5,269
NOV-19 ,11,9,111
NOV-19 ,11,10,1
NOV-19 ,11,11,204
NOV-19 ,11,13,418
NOV-19 ,12,3,37
NOV-19 ,12,4,2552
NOV-19 ,12,5,11
NOV-19 ,12,9,19
NOV-19 ,12,11,74
NOV-19 ,12,13,96
NOV-19 ,13,3,44
NOV-19 ,13,4,1997
NOV-19 ,13,5,11
NOV-19 ,13,9,22
NOV-19 ,13,11,67
NOV-19 ,13,13,95
NOV-19 ,14,4,2052
NOV-19 ,14,11,53
NOV-19 ,15,4,903
NOV-19 ,15,11,19
NOV-19 ,16,4,542
NOV-19 ,16,11,85
NOV-19 ,17,4,133
NOV-19 ,17,11,26
NOV-19 ,18,4,483
NOV-19 ,18,11,49
NOV-19 ,19,4,63
NOV-19 ,19,11,4
NOV-19 ,20,4,182962
NOV-19 ,20,10,24
NOV-19 ,20,11,2698
NOV-19 ,21,4,81297
NOV-19 ,21,10,4
NOV-19 ,21,11,721
NOV-19 ,22,4,1715
NOV-19 ,22,11,117
NOV-19 ,23,4,12314
NOV-19 ,23,11,32
NOV-19 ,25,4,38858
NOV-19 ,25,11,6646
NOV-19 ,26,4,43264
NOV-19 ,26,11,853
NOV-19 ,29,4,1565609
NOV-19 ,29,11,1239248
NOV-19 ,30,4,690
NOV-19 ,30,11,36532
NOV-19 ,34,4,2657510
NOV-19 ,34,11,414
NOV-20 ,1,2,22
NOV-20 ,1,3,610
NOV-20 ,1,4,85442
NOV-20 ,1,9,300
NOV-20 ,1,11,3002
NOV-20 ,1,13,702
NOV-20 ,2,1,21
NOV-20 ,2,2,22
NOV-20 ,2,3,88
NOV-20 ,2,4,4380
NOV-20 ,2,6,4
NOV-20 ,2,9,42
NOV-20 ,2,11,772
NOV-20 ,2,13,225
NOV-20 ,3,4,31626
NOV-20 ,3,8,1116
NOV-20 ,3,11,3484
NOV-20 ,3,13,1049
NOV-20 ,4,4,6778
NOV-20 ,4,11,348
NOV-20 ,4,13,102
NOV-20 ,5,4,2146
NOV-20 ,5,10,5
NOV-20 ,5,11,147
NOV-20 ,6,4,6936
NOV-20 ,6,11,310
NOV-20 ,7,4,4616
NOV-20 ,7,11,59
NOV-20 ,8,8,12135
NOV-20 ,8,11,541
NOV-20 ,8,13,288
NOV-20 ,9,4,55
NOV-20 ,9,11,6
NOV-20 ,10,4,289
NOV-20 ,10,11,14
NOV-20 ,11,3,214
NOV-20 ,11,4,7989
NOV-20 ,11,5,422
NOV-20 ,11,9,105
NOV-20 ,11,11,148
NOV-20 ,11,13,599
NOV-20 ,12,3,44
NOV-20 ,12,4,2375
NOV-20 ,12,5,28
NOV-20 ,12,9,20
NOV-20 ,12,11,52
NOV-20 ,12,13,131
NOV-20 ,13,3,76
NOV-20 ,13,4,1690
NOV-20 ,13,5,6
NOV-20 ,13,9,36
NOV-20 ,13,11,47
NOV-20 ,13,13,86
NOV-20 ,14,4,1744
NOV-20 ,14,11,21
NOV-20 ,15,4,891
NOV-20 ,15,11,61
NOV-20 ,16,4,761
NOV-20 ,16,11,94
NOV-20 ,17,4,81
NOV-20 ,17,11,12
NOV-20 ,18,4,506
NOV-20 ,18,11,143
NOV-20 ,19,4,12
NOV-20 ,19,11,1
NOV-20 ,20,4,300046
NOV-20 ,20,11,619
NOV-20 ,21,4,71338
NOV-20 ,21,11,329
NOV-20 ,22,4,44770
NOV-20 ,22,10,1
NOV-20 ,22,11,261
NOV-20 ,23,4,1517
NOV-20 ,23,11,63
NOV-20 ,25,4,253577
NOV-20 ,25,11,8628
NOV-20 ,26,4,62468
NOV-20 ,26,11,622
NOV-20 ,29,4,1572089
NOV-20 ,29,11,1178993
NOV-20 ,30,4,757
NOV-20 ,30,10,8
NOV-20 ,30,11,11104
NOV-20 ,34,4,2083375
NOV-20 ,34,11,354
NOV-20 ,49,4,252
NOV-20 ,49,11,10
NOV-21 ,1,2,23
NOV-21 ,1,3,1038
NOV-21 ,1,4,92323
NOV-21 ,1,9,507
NOV-21 ,1,10,255
NOV-21 ,1,11,9185
NOV-21 ,1,13,959
NOV-21 ,2,1,20
NOV-21 ,2,2,25
NOV-21 ,2,3,242
NOV-21 ,2,4,6125
NOV-21 ,2,6,18
NOV-21 ,2,9,127
NOV-21 ,2,10,101
NOV-21 ,2,11,1629
NOV-21 ,2,12,2
NOV-21 ,2,13,280
NOV-21 ,3,4,31158
NOV-21 ,3,8,1036
NOV-21 ,3,10,1
NOV-21 ,3,11,3009
NOV-21 ,3,13,1217
NOV-21 ,4,4,6531
NOV-21 ,4,11,251
NOV-21 ,4,13,114
NOV-21 ,5,4,2466
NOV-21 ,5,9,1
NOV-21 ,5,10,1
NOV-21 ,5,11,173
NOV-21 ,6,4,7454
NOV-21 ,6,11,146
NOV-21 ,7,4,5604
NOV-21 ,7,10,1
NOV-21 ,7,11,26
NOV-21 ,8,8,13107
NOV-21 ,8,11,434
NOV-21 ,8,13,329
NOV-21 ,9,4,43
NOV-21 ,9,11,3
NOV-21 ,10,4,341
NOV-21 ,10,10,1
NOV-21 ,10,11,17
NOV-21 ,11,3,186
NOV-21 ,11,4,7912
NOV-21 ,11,5,431
NOV-21 ,11,9,98
NOV-21 ,11,11,79
NOV-21 ,11,13,500
NOV-21 ,12,3,62
NOV-21 ,12,4,2856
NOV-21 ,12,5,19
NOV-21 ,12,9,31
NOV-21 ,12,11,20
NOV-21 ,12,13,134
NOV-21 ,13,3,73
NOV-21 ,13,4,1397
NOV-21 ,13,5,13
NOV-21 ,13,9,38
NOV-21 ,13,10,1
NOV-21 ,13,11,42
NOV-21 ,13,13,99
NOV-21 ,14,4,1562
NOV-21 ,14,11,37
NOV-21 ,15,4,1352
NOV-21 ,15,11,29
NOV-21 ,16,4,686
NOV-21 ,16,11,100
NOV-21 ,17,4,109
NOV-21 ,17,11,19
NOV-21 ,18,4,550
NOV-21 ,18,11,103
NOV-21 ,19,4,18
NOV-21 ,19,11,7
NOV-21 ,20,4,151976
NOV-21 ,20,10,16
NOV-21 ,20,11,923
NOV-21 ,21,4,67285
NOV-21 ,21,10,2
NOV-21 ,21,11,213
NOV-21 ,22,4,22421
NOV-21 ,22,10,2
NOV-21 ,22,11,1776
NOV-21 ,23,4,1669
NOV-21 ,23,11,26
NOV-21 ,25,4,452209
NOV-21 ,25,9,1
NOV-21 ,25,10,3211
NOV-21 ,25,11,31543
NOV-21 ,26,4,56463
NOV-21 ,26,10,2
NOV-21 ,26,11,296
NOV-21 ,29,4,1039763
NOV-21 ,29,11,565070
NOV-21 ,30,4,909
NOV-21 ,30,10,84
NOV-21 ,30,11,65608
NOV-21 ,34,4,1933999
NOV-21 ,34,9,7
NOV-21 ,34,11,145
NOV-21 ,49,4,971
NOV-21 ,49,11,13
NOV-22 ,1,2,29
NOV-22 ,1,3,826
NOV-22 ,1,4,70219
NOV-22 ,1,9,414
NOV-22 ,1,11,2369
NOV-22 ,1,13,904
NOV-22 ,2,1,26
NOV-22 ,2,2,25
NOV-22 ,2,3,294
NOV-22 ,2,4,6179
NOV-22 ,2,6,21
NOV-22 ,2,9,147
NOV-22 ,2,11,850
NOV-22 ,2,12,38
NOV-22 ,2,13,297
NOV-22 ,3,4,30913
NOV-22 ,3,8,908
NOV-22 ,3,11,2800
NOV-22 ,3,13,1061
NOV-22 ,4,4,6766
NOV-22 ,4,11,352
NOV-22 ,4,13,96
NOV-22 ,5,4,2372
NOV-22 ,5,10,2
NOV-22 ,5,11,147
NOV-22 ,6,4,6056
NOV-22 ,6,11,93
NOV-22 ,7,4,5048
NOV-22 ,7,11,32
NOV-22 ,8,8,12865
NOV-22 ,8,11,403
NOV-22 ,8,13,276
NOV-22 ,9,4,40
NOV-22 ,9,11,10
NOV-22 ,10,4,270
NOV-22 ,10,11,10
NOV-22 ,11,3,234
NOV-22 ,11,4,8041
NOV-22 ,11,5,537
NOV-22 ,11,9,119
NOV-22 ,11,11,276
NOV-22 ,11,13,411
NOV-22 ,12,3,56
NOV-22 ,12,4,2509
NOV-22 ,12,5,27
NOV-22 ,12,9,28
NOV-22 ,12,11,25
NOV-22 ,12,13,125
NOV-22 ,13,3,64
NOV-22 ,13,4,1225
NOV-22 ,13,5,13
NOV-22 ,13,9,32
NOV-22 ,13,11,20
NOV-22 ,13,13,108
NOV-22 ,14,4,1351
NOV-22 ,14,11,30
NOV-22 ,15,4,1002
NOV-22 ,15,11,17
NOV-22 ,16,4,623
NOV-22 ,16,11,86
NOV-22 ,17,4,115
NOV-22 ,17,11,11
NOV-22 ,18,4,498
NOV-22 ,18,11,56
NOV-22 ,19,4,17
NOV-22 ,19,11,5
NOV-22 ,20,4,160064
NOV-22 ,20,11,545
NOV-22 ,21,4,98907
NOV-22 ,21,9,8
NOV-22 ,21,10,4
NOV-22 ,21,11,142
NOV-22 ,22,4,9134
NOV-22 ,22,9,56
NOV-22 ,22,11,3295
NOV-22 ,23,4,563
NOV-22 ,23,11,26
NOV-22 ,25,4,416807
NOV-22 ,25,11,78772
NOV-22 ,26,4,45648
NOV-22 ,26,9,7
NOV-22 ,26,10,4
NOV-22 ,26,11,309
NOV-22 ,29,4,1517051
NOV-22 ,29,11,635315
NOV-22 ,30,4,2907
NOV-22 ,30,11,120213
NOV-22 ,34,4,2134916
NOV-22 ,34,11,393
NOV-22 ,49,4,901
NOV-22 ,49,11,11
OCT-19 ,1,2,31
OCT-19 ,1,3,490
OCT-19 ,1,4,65826
OCT-19 ,1,9,242
OCT-19 ,1,11,5365
OCT-19 ,1,13,700
OCT-19 ,2,1,64
OCT-19 ,2,2,32
OCT-19 ,2,3,60
OCT-19 ,2,4,3037
OCT-19 ,2,6,9
OCT-19 ,2,9,30
OCT-19 ,2,11,789
OCT-19 ,2,13,159
OCT-19 ,3,4,33054
OCT-19 ,3,8,1993
OCT-19 ,3,10,1
OCT-19 ,3,11,4105
OCT-19 ,3,13,1155
OCT-19 ,4,4,8514
OCT-19 ,4,11,579
OCT-19 ,4,13,120
OCT-19 ,5,4,2198
OCT-19 ,5,10,7
OCT-19 ,5,11,338
OCT-19 ,6,4,8817
OCT-19 ,6,11,96
OCT-19 ,7,4,4227
OCT-19 ,7,10,1
OCT-19 ,7,11,27
OCT-19 ,8,8,18362
OCT-19 ,8,11,1216
OCT-19 ,8,13,376
OCT-19 ,9,4,58
OCT-19 ,9,11,13
OCT-19 ,10,4,348
OCT-19 ,10,10,1
OCT-19 ,10,11,73
OCT-19 ,11,3,198
OCT-19 ,11,4,7755
OCT-19 ,11,5,229
OCT-19 ,11,9,98
OCT-19 ,11,11,284
OCT-19 ,11,13,418
OCT-19 ,12,3,40
OCT-19 ,12,4,3806
OCT-19 ,12,5,19
OCT-19 ,12,9,20
OCT-19 ,12,11,128
OCT-19 ,12,13,91
OCT-19 ,13,3,76
OCT-19 ,13,4,2139
OCT-19 ,13,5,10
OCT-19 ,13,7,4
OCT-19 ,13,9,42
OCT-19 ,13,11,80
OCT-19 ,13,13,131
OCT-19 ,14,4,3352
OCT-19 ,14,10,1
OCT-19 ,14,11,55
OCT-19 ,15,4,1197
OCT-19 ,15,11,28
OCT-19 ,16,4,528
OCT-19 ,16,11,108
OCT-19 ,17,4,116
OCT-19 ,17,11,22
OCT-19 ,18,4,955
OCT-19 ,18,11,31
OCT-19 ,19,4,85
OCT-19 ,19,11,5
OCT-19 ,20,4,221708
OCT-19 ,20,10,92
OCT-19 ,20,11,3433
OCT-19 ,21,4,104969
OCT-19 ,21,10,1
OCT-19 ,21,11,1006
OCT-19 ,22,4,1598
OCT-19 ,22,11,101
OCT-19 ,23,4,13357
OCT-19 ,23,11,26
OCT-19 ,25,4,55248
OCT-19 ,25,11,3277
OCT-19 ,26,4,62080
OCT-19 ,26,11,1108
OCT-19 ,29,4,1389646
OCT-19 ,29,11,1248853
OCT-19 ,30,4,737
OCT-19 ,30,10,4
OCT-19 ,30,11,41588
OCT-19 ,34,4,2077985
OCT-19 ,34,10,3
OCT-19 ,34,11,1025
OCT-20 ,1,2,27
OCT-20 ,1,3,718
OCT-20 ,1,4,69957
OCT-20 ,1,9,354
OCT-20 ,1,11,3595
OCT-20 ,1,13,597
OCT-20 ,2,1,19
OCT-20 ,2,2,14
OCT-20 ,2,3,138
OCT-20 ,2,4,4647
OCT-20 ,2,6,17
OCT-20 ,2,9,67
OCT-20 ,2,11,735
OCT-20 ,2,13,275
OCT-20 ,3,4,32340
OCT-20 ,3,8,1183
OCT-20 ,3,11,3972
OCT-20 ,3,13,1154
OCT-20 ,4,4,7663
OCT-20 ,4,11,330
OCT-20 ,4,13,109
OCT-20 ,5,4,2060
OCT-20 ,5,10,3
OCT-20 ,5,11,161
OCT-20 ,6,4,6794
OCT-20 ,6,11,86
OCT-20 ,7,4,4766
OCT-20 ,7,11,33
OCT-20 ,8,8,13931
OCT-20 ,8,11,580
OCT-20 ,8,13,281
OCT-20 ,9,4,58
OCT-20 ,9,11,10
OCT-20 ,10,4,342
OCT-20 ,10,10,2
OCT-20 ,10,11,13
OCT-20 ,11,3,245
OCT-20 ,11,4,8258
OCT-20 ,11,5,432
OCT-20 ,11,9,126
OCT-20 ,11,11,168
OCT-20 ,11,13,537
OCT-20 ,12,3,66
OCT-20 ,12,4,1747
OCT-20 ,12,5,38
OCT-20 ,12,9,34
OCT-20 ,12,11,33
OCT-20 ,12,13,119
OCT-20 ,13,3,64
OCT-20 ,13,4,1981
OCT-20 ,13,5,8
OCT-20 ,13,9,34
OCT-20 ,13,11,53
OCT-20 ,13,13,103
OCT-20 ,14,4,2777
OCT-20 ,14,11,33
OCT-20 ,15,4,1107
OCT-20 ,15,11,39
OCT-20 ,16,4,673
OCT-20 ,16,11,108
OCT-20 ,17,4,100
OCT-20 ,17,11,17
OCT-20 ,18,4,767
OCT-20 ,18,11,91
OCT-20 ,19,4,18
OCT-20 ,19,11,8
OCT-20 ,20,4,293171
OCT-20 ,20,11,582
OCT-20 ,21,4,78521
OCT-20 ,21,11,465
OCT-20 ,22,4,2268
OCT-20 ,22,11,59
OCT-20 ,23,4,4052
OCT-20 ,23,11,35
OCT-20 ,25,4,88385
OCT-20 ,25,11,6499
OCT-20 ,26,4,67809
OCT-20 ,26,11,589
OCT-20 ,29,4,1444586
OCT-20 ,29,11,1533294
OCT-20 ,30,4,861
OCT-20 ,30,11,6932
OCT-20 ,34,4,1841044
OCT-20 ,34,11,117
OCT-21 ,1,2,22
OCT-21 ,1,3,848
OCT-21 ,1,4,67992
OCT-21 ,1,9,416
OCT-21 ,1,10,7
OCT-21 ,1,11,2405
OCT-21 ,1,13,703
OCT-21 ,2,1,14
OCT-21 ,2,2,27
OCT-21 ,2,3,282
OCT-21 ,2,4,6067
OCT-21 ,2,6,17
OCT-21 ,2,9,132
OCT-21 ,2,11,846
OCT-21 ,2,12,1
OCT-21 ,2,13,256
OCT-21 ,3,4,30649
OCT-21 ,3,8,1043
OCT-21 ,3,10,4
OCT-21 ,3,11,3312
OCT-21 ,3,13,1090
OCT-21 ,4,4,6156
OCT-21 ,4,11,267
OCT-21 ,4,13,121
OCT-21 ,5,4,2524
OCT-21 ,5,10,4
OCT-21 ,5,11,118
OCT-21 ,6,4,6945
OCT-21 ,6,11,99
OCT-21 ,7,4,4447
OCT-21 ,7,11,28
OCT-21 ,8,8,12239
OCT-21 ,8,10,2
OCT-21 ,8,11,448
OCT-21 ,8,13,288
OCT-21 ,9,4,32
OCT-21 ,9,11,7
OCT-21 ,10,4,337
OCT-21 ,10,11,13
OCT-21 ,11,3,260
OCT-21 ,11,4,8294
OCT-21 ,11,5,508
OCT-21 ,11,9,126
OCT-21 ,11,11,74
OCT-21 ,11,13,503
OCT-21 ,12,3,34
OCT-21 ,12,4,2939
OCT-21 ,12,5,15
OCT-21 ,12,9,18
OCT-21 ,12,11,26
OCT-21 ,12,13,113
OCT-21 ,13,3,91
OCT-21 ,13,4,1478
OCT-21 ,13,5,11
OCT-21 ,13,9,47
OCT-21 ,13,11,38
OCT-21 ,13,13,103
OCT-21 ,14,4,2197
OCT-21 ,14,11,39
OCT-21 ,15,4,1080
OCT-21 ,15,11,25
OCT-21 ,16,4,647
OCT-21 ,16,11,74
OCT-21 ,17,4,105
OCT-21 ,17,11,11
OCT-21 ,18,4,854
OCT-21 ,18,11,95
OCT-21 ,19,4,10
OCT-21 ,19,11,6
OCT-21 ,20,4,243044
OCT-21 ,20,11,1223
OCT-21 ,21,4,106925
OCT-21 ,21,11,219
OCT-21 ,22,4,16900
OCT-21 ,22,11,409
OCT-21 ,23,4,3710
OCT-21 ,23,11,15
OCT-21 ,25,4,422997
OCT-21 ,25,10,3364
OCT-21 ,25,11,59859
OCT-21 ,26,4,53350
OCT-21 ,26,10,1
OCT-21 ,26,11,409
OCT-21 ,29,4,958767
OCT-21 ,29,11,503998
OCT-21 ,30,4,560
OCT-21 ,30,10,1
OCT-21 ,30,11,12909
OCT-21 ,34,4,2038019
OCT-21 ,34,9,2
OCT-21 ,34,11,82
OCT-21 ,49,4,870
OCT-21 ,49,11,4
OCT-22 ,1,2,26
OCT-22 ,1,3,936
OCT-22 ,1,4,74143
OCT-22 ,1,9,494
OCT-22 ,1,11,2412
OCT-22 ,1,13,780
OCT-22 ,2,1,34
OCT-22 ,2,2,45
OCT-22 ,2,3,262
OCT-22 ,2,4,6371
OCT-22 ,2,6,33
OCT-22 ,2,9,132
OCT-22 ,2,11,926
OCT-22 ,2,12,26
OCT-22 ,2,13,340
OCT-22 ,3,4,33227
OCT-22 ,3,8,1069
OCT-22 ,3,11,3669
OCT-22 ,3,13,1119
OCT-22 ,4,4,6577
OCT-22 ,4,9,1
OCT-22 ,4,11,360
OCT-22 ,4,13,121
OCT-22 ,5,4,2652
OCT-22 ,5,11,174
OCT-22 ,6,4,6322
OCT-22 ,6,11,474
OCT-22 ,7,4,5025
OCT-22 ,7,11,19
OCT-22 ,8,8,12492
OCT-22 ,8,11,518
OCT-22 ,8,13,367
OCT-22 ,9,4,58
OCT-22 ,9,11,4
OCT-22 ,10,4,393
OCT-22 ,10,10,1
OCT-22 ,10,11,35
OCT-22 ,11,3,256
OCT-22 ,11,4,8465
OCT-22 ,11,5,518
OCT-22 ,11,9,123
OCT-22 ,11,11,149
OCT-22 ,11,13,550
OCT-22 ,12,3,60
OCT-22 ,12,4,3435
OCT-22 ,12,5,34
OCT-22 ,12,9,41
OCT-22 ,12,11,23
OCT-22 ,12,13,312
OCT-22 ,13,3,99
OCT-22 ,13,4,1285
OCT-22 ,13,5,12
OCT-22 ,13,9,49
OCT-22 ,13,11,36
OCT-22 ,13,13,125
OCT-22 ,14,4,2593
OCT-22 ,14,11,42
OCT-22 ,15,4,1327
OCT-22 ,15,11,2
OCT-22 ,16,4,959
OCT-22 ,16,11,111
OCT-22 ,17,4,137
OCT-22 ,17,11,27
OCT-22 ,18,4,829
OCT-22 ,18,11,87
OCT-22 ,19,4,13
OCT-22 ,19,11,2
OCT-22 ,20,4,173438
OCT-22 ,20,9,2
OCT-22 ,20,11,170
OCT-22 ,21,4,78636
OCT-22 ,21,9,2
OCT-22 ,21,11,348
OCT-22 ,22,4,85065
OCT-22 ,22,9,23
OCT-22 ,22,11,8951
OCT-22 ,23,4,632
OCT-22 ,23,11,9
OCT-22 ,25,4,718321
OCT-22 ,25,9,12
OCT-22 ,25,11,104078
OCT-22 ,26,4,58232
OCT-22 ,26,9,1
OCT-22 ,26,10,1
OCT-22 ,26,11,328
OCT-22 ,29,4,2229064
OCT-22 ,29,11,590548
OCT-22 ,30,4,2917
OCT-22 ,30,9,1
OCT-22 ,30,10,1
OCT-22 ,30,11,143895
OCT-22 ,34,4,1599366
OCT-22 ,34,11,352
OCT-22 ,49,4,911
OCT-22 ,49,11,11
SEP-19 ,1,2,17
SEP-19 ,1,3,500
SEP-19 ,1,4,51609
SEP-19 ,1,9,252
SEP-19 ,1,11,8027
SEP-19 ,1,13,864
SEP-19 ,2,1,64
SEP-19 ,2,2,22
SEP-19 ,2,3,50
SEP-19 ,2,4,2843
SEP-19 ,2,6,7
SEP-19 ,2,9,25
SEP-19 ,2,11,648
SEP-19 ,2,13,115
SEP-19 ,3,4,31994
SEP-19 ,3,8,1766
SEP-19 ,3,10,1
SEP-19 ,3,11,4768
SEP-19 ,3,13,1085
SEP-19 ,4,4,6660
SEP-19 ,4,11,560
SEP-19 ,4,13,83
SEP-19 ,5,4,1901
SEP-19 ,5,11,258
SEP-19 ,6,4,10255
SEP-19 ,6,11,116
SEP-19 ,7,4,3287
SEP-19 ,7,11,75
SEP-19 ,8,8,15729
SEP-19 ,8,11,1335
SEP-19 ,8,13,354
SEP-19 ,9,4,73
SEP-19 ,9,11,4
SEP-19 ,10,4,308
SEP-19 ,10,11,36
SEP-19 ,11,3,152
SEP-19 ,11,4,7747
SEP-19 ,11,5,278
SEP-19 ,11,9,77
SEP-19 ,11,11,211
SEP-19 ,11,13,397
SEP-19 ,12,3,48
SEP-19 ,12,4,2859
SEP-19 ,12,5,31
SEP-19 ,12,9,24
SEP-19 ,12,11,75
SEP-19 ,12,13,126
SEP-19 ,13,3,112
SEP-19 ,13,4,2013
SEP-19 ,13,5,8
SEP-19 ,13,9,54
SEP-19 ,13,11,67
SEP-19 ,13,13,116
SEP-19 ,14,4,2331
SEP-19 ,14,11,45
SEP-19 ,15,4,773
SEP-19 ,15,11,28
SEP-19 ,16,4,549
SEP-19 ,16,11,117
SEP-19 ,17,4,124
SEP-19 ,17,11,10
SEP-19 ,18,4,593
SEP-19 ,18,11,41
SEP-19 ,19,4,66
SEP-19 ,19,11,20
SEP-19 ,20,4,289255
SEP-19 ,20,10,256
SEP-19 ,20,11,3385
SEP-19 ,21,4,111575
SEP-19 ,21,11,513
SEP-19 ,22,4,843
SEP-19 ,22,11,110
SEP-19 ,23,4,29665
SEP-19 ,23,11,27
SEP-19 ,25,4,47124
SEP-19 ,25,11,2643
SEP-19 ,26,4,49422
SEP-19 ,26,10,1
SEP-19 ,26,11,1564
SEP-19 ,29,4,1154782
SEP-19 ,29,11,1383314
SEP-19 ,30,4,785
SEP-19 ,30,10,1
SEP-19 ,30,11,32085
SEP-19 ,34,4,2268701
SEP-19 ,34,10,1
SEP-19 ,34,11,285
SEP-20 ,1,2,16
SEP-20 ,1,3,610
SEP-20 ,1,4,56341
SEP-20 ,1,9,309
SEP-20 ,1,11,3502
SEP-20 ,1,13,529
SEP-20 ,2,1,14
SEP-20 ,2,2,20
SEP-20 ,2,3,118
SEP-20 ,2,4,4613
SEP-20 ,2,6,10
SEP-20 ,2,9,60
SEP-20 ,2,11,571
SEP-20 ,2,13,239
SEP-20 ,3,4,33588
SEP-20 ,3,8,1122
SEP-20 ,3,11,3658
SEP-20 ,3,13,1167
SEP-20 ,4,4,7152
SEP-20 ,4,11,356
SEP-20 ,4,13,190
SEP-20 ,5,4,2006
SEP-20 ,5,10,6
SEP-20 ,5,11,169
SEP-20 ,6,4,7134
SEP-20 ,6,11,111
SEP-20 ,7,4,4142
SEP-20 ,7,11,35
SEP-20 ,8,8,13781
SEP-20 ,8,11,583
SEP-20 ,8,13,357
SEP-20 ,9,4,61
SEP-20 ,9,11,8
SEP-20 ,10,4,343
SEP-20 ,10,10,3
SEP-20 ,10,11,24
SEP-20 ,11,3,351
SEP-20 ,11,4,8313
SEP-20 ,11,5,425
SEP-20 ,11,9,184
SEP-20 ,11,11,176
SEP-20 ,11,13,587
SEP-20 ,12,3,25
SEP-20 ,12,4,2341
SEP-20 ,12,5,31
SEP-20 ,12,9,12
SEP-20 ,12,11,56
SEP-20 ,12,13,120
SEP-20 ,13,3,52
SEP-20 ,13,4,1875
SEP-20 ,13,5,8
SEP-20 ,13,7,2
SEP-20 ,13,9,26
SEP-20 ,13,11,42
SEP-20 ,13,13,72
SEP-20 ,14,4,3201
SEP-20 ,14,11,28
SEP-20 ,15,4,1176
SEP-20 ,15,11,35
SEP-20 ,16,4,725
SEP-20 ,16,11,105
SEP-20 ,17,4,86
SEP-20 ,17,11,19
SEP-20 ,18,4,994
SEP-20 ,18,11,82
SEP-20 ,19,4,31
SEP-20 ,19,11,10
SEP-20 ,20,4,136734
SEP-20 ,20,11,500
SEP-20 ,21,4,81973
SEP-20 ,21,11,683
SEP-20 ,22,4,1090
SEP-20 ,22,11,54
SEP-20 ,23,4,5142
SEP-20 ,23,11,31
SEP-20 ,25,4,146299
SEP-20 ,25,11,4232
SEP-20 ,26,4,57383
SEP-20 ,26,11,558
SEP-20 ,29,4,1367788
SEP-20 ,29,11,1441273
SEP-20 ,30,4,1475
SEP-20 ,30,11,14122
SEP-20 ,34,4,1656743
SEP-20 ,34,11,111
SEP-21 ,1,2,27
SEP-21 ,1,3,944
SEP-21 ,1,4,70249
SEP-21 ,1,9,468
SEP-21 ,1,11,2148
SEP-21 ,1,13,878
SEP-21 ,2,1,11
SEP-21 ,2,2,34
SEP-21 ,2,3,276
SEP-21 ,2,4,5726
SEP-21 ,2,6,21
SEP-21 ,2,9,141
SEP-21 ,2,11,903
SEP-21 ,2,13,281
SEP-21 ,3,4,34315
SEP-21 ,3,8,1246
SEP-21 ,3,11,3204
SEP-21 ,3,13,1421
SEP-21 ,4,4,6115
SEP-21 ,4,11,303
SEP-21 ,4,13,98
SEP-21 ,5,4,2829
SEP-21 ,5,10,1
SEP-21 ,5,11,136
SEP-21 ,6,4,7177
SEP-21 ,6,11,159
SEP-21 ,7,4,4276
SEP-21 ,7,11,24
SEP-21 ,8,8,12563
SEP-21 ,8,11,517
SEP-21 ,8,13,332
SEP-21 ,9,4,34
SEP-21 ,9,11,2
SEP-21 ,10,4,402
SEP-21 ,10,11,21
SEP-21 ,11,3,230
SEP-21 ,11,4,9286
SEP-21 ,11,5,426
SEP-21 ,11,9,115
SEP-21 ,11,11,89
SEP-21 ,11,13,495
SEP-21 ,12,3,44
SEP-21 ,12,4,2526
SEP-21 ,12,5,15
SEP-21 ,12,9,21
SEP-21 ,12,11,24
SEP-21 ,12,13,126
SEP-21 ,13,3,99
SEP-21 ,13,4,1218
SEP-21 ,13,5,13
SEP-21 ,13,9,48
SEP-21 ,13,11,23
SEP-21 ,13,13,107
SEP-21 ,14,4,2316
SEP-21 ,14,11,25
SEP-21 ,15,4,1128
SEP-21 ,15,11,24
SEP-21 ,16,4,658
SEP-21 ,16,11,85
SEP-21 ,17,4,124
SEP-21 ,17,11,20
SEP-21 ,18,4,879
SEP-21 ,18,11,95
SEP-21 ,19,4,17
SEP-21 ,19,11,4
SEP-21 ,20,4,129262
SEP-21 ,20,9,1
SEP-21 ,20,11,1138
SEP-21 ,21,4,78246
SEP-21 ,21,11,276
SEP-21 ,22,4,11370
SEP-21 ,22,10,43
SEP-21 ,22,11,5684
SEP-21 ,23,4,1563
SEP-21 ,23,11,22
SEP-21 ,25,4,273954
SEP-21 ,25,11,105196
SEP-21 ,26,4,64036
SEP-21 ,26,11,836
SEP-21 ,29,4,955170
SEP-21 ,29,11,452380
SEP-21 ,30,4,2266
SEP-21 ,30,11,16672
SEP-21 ,30,18,3
SEP-21 ,34,4,2113605
SEP-21 ,34,11,108
SEP-21 ,49,4,810
SEP-21 ,49,11,5
SEP-22 ,1,2,25
SEP-22 ,1,3,1388
SEP-22 ,1,4,77126
SEP-22 ,1,9,674
SEP-22 ,1,11,2544
SEP-22 ,1,13,987
SEP-22 ,2,1,23
SEP-22 ,2,2,45
SEP-22 ,2,3,360
SEP-22 ,2,4,8101
SEP-22 ,2,6,35
SEP-22 ,2,9,180
SEP-22 ,2,11,967
SEP-22 ,2,12,37
SEP-22 ,2,13,523
SEP-22 ,3,4,35614
SEP-22 ,3,8,1055
SEP-22 ,3,10,13
SEP-22 ,3,11,3641
SEP-22 ,3,13,1334
SEP-22 ,4,4,6261
SEP-22 ,4,11,343
SEP-22 ,4,13,175
SEP-22 ,5,4,2959
SEP-22 ,5,9,1
SEP-22 ,5,10,6
SEP-22 ,5,11,213
SEP-22 ,6,4,6928
SEP-22 ,6,11,90
SEP-22 ,7,4,4742
SEP-22 ,7,11,30
SEP-22 ,8,8,12912
SEP-22 ,8,11,691
SEP-22 ,8,13,394
SEP-22 ,9,4,81
SEP-22 ,9,11,6
SEP-22 ,10,4,363
SEP-22 ,10,11,13
SEP-22 ,11,3,254
SEP-22 ,11,4,9865
SEP-22 ,11,5,650
SEP-22 ,11,9,130
SEP-22 ,11,11,139
SEP-22 ,11,13,544
SEP-22 ,12,3,82
SEP-22 ,12,4,4924
SEP-22 ,12,5,578
SEP-22 ,12,9,30
SEP-22 ,12,11,149
SEP-22 ,12,13,187
SEP-22 ,13,3,88
SEP-22 ,13,4,1901
SEP-22 ,13,5,20
SEP-22 ,13,7,2
SEP-22 ,13,9,45
SEP-22 ,13,11,28
SEP-22 ,13,13,126
SEP-22 ,14,4,2291
SEP-22 ,14,11,34
SEP-22 ,15,4,1295
SEP-22 ,15,11,18
SEP-22 ,16,4,815
SEP-22 ,16,11,104
SEP-22 ,17,4,114
SEP-22 ,17,11,17
SEP-22 ,18,4,901
SEP-22 ,18,11,96
SEP-22 ,19,4,43
SEP-22 ,19,11,10
SEP-22 ,20,4,142062
SEP-22 ,20,11,175
SEP-22 ,21,4,92937
SEP-22 ,21,11,199
SEP-22 ,22,4,37080
SEP-22 ,22,11,1640
SEP-22 ,23,4,1134
SEP-22 ,23,11,13
SEP-22 ,25,4,364340
SEP-22 ,25,9,4
SEP-22 ,25,11,67557
SEP-22 ,26,4,55240
SEP-22 ,26,11,295
SEP-22 ,29,4,2010580
SEP-22 ,29,11,580145
SEP-22 ,30,4,4368
SEP-22 ,30,10,3
SEP-22 ,30,11,21383
SEP-22 ,34,4,2377647
SEP-22 ,34,11,277
SEP-22 ,49,4,961
SEP-22 ,49,11,12
DEC-22 ,1,3,4
DEC-22 ,1,4,612
DEC-22 ,1,11,51
DEC-22 ,1,13,9
DEC-22 ,2,2,1
DEC-22 ,2,4,40
DEC-22 ,2,11,10
DEC-22 ,2,13,3
DEC-22 ,3,4,40
DEC-22 ,3,11,4
DEC-22 ,4,11,5
DEC-22 ,8,8,11
DEC-22 ,8,11,1
DEC-22 ,8,13,1
DEC-22 ,11,4,46
DEC-22 ,11,5,5
DEC-22 ,11,11,1
DEC-22 ,11,13,2
DEC-22 ,12,4,1
DEC-22 ,13,3,2
DEC-22 ,13,4,4
DEC-22 ,13,13,1
DEC-22 ,14,4,21
DEC-22 ,20,4,254
DEC-22 ,20,11,3
DEC-22 ,25,4,407
DEC-22 ,25,11,39
DEC-22 ,29,4,851
DEC-22 ,29,11,166
DEC-22 ,30,11,24
DEC-22 ,49,11,3
JAN-23 ,1,2,25
JAN-23 ,1,3,548
JAN-23 ,1,4,49630
JAN-23 ,1,9,280
JAN-23 ,1,10,3
JAN-23 ,1,11,3310
JAN-23 ,1,13,627
JAN-23 ,2,1,25
JAN-23 ,2,2,24
JAN-23 ,2,3,242
JAN-23 ,2,4,5505
JAN-23 ,2,6,8
JAN-23 ,2,9,122
JAN-23 ,2,10,1
JAN-23 ,2,11,795
JAN-23 ,2,12,35
JAN-23 ,2,13,245
JAN-23 ,3,4,38682
JAN-23 ,3,8,929
JAN-23 ,3,9,1
JAN-23 ,3,11,3224
JAN-23 ,3,13,1012
JAN-23 ,4,4,6084
JAN-23 ,4,11,357
JAN-23 ,4,13,87
JAN-23 ,5,4,3119
JAN-23 ,5,9,2
JAN-23 ,5,10,1
JAN-23 ,5,11,149
JAN-23 ,6,4,4822
JAN-23 ,6,11,105
JAN-23 ,7,4,2688
JAN-23 ,7,11,10
JAN-23 ,8,8,9498
JAN-23 ,8,11,646
JAN-23 ,8,13,223
JAN-23 ,9,4,28
JAN-23 ,9,11,1
JAN-23 ,10,4,330
JAN-23 ,10,11,13
JAN-23 ,11,3,146
JAN-23 ,11,4,7921
JAN-23 ,11,5,590
JAN-23 ,11,9,72
JAN-23 ,11,11,153
JAN-23 ,11,13,422
JAN-23 ,12,3,234
JAN-23 ,12,4,3428
JAN-23 ,12,5,67
JAN-23 ,12,9,116
JAN-23 ,12,11,28
JAN-23 ,12,13,146
JAN-23 ,13,3,87
JAN-23 ,13,4,1077
JAN-23 ,13,5,21
JAN-23 ,13,9,45
JAN-23 ,13,11,29
JAN-23 ,13,13,88
JAN-23 ,14,4,652
JAN-23 ,14,11,12
JAN-23 ,15,4,1208
JAN-23 ,15,11,31
JAN-23 ,16,4,688
JAN-23 ,16,10,1
JAN-23 ,16,11,109
JAN-23 ,17,4,90
JAN-23 ,17,11,15
JAN-23 ,18,4,153
JAN-23 ,18,11,2
JAN-23 ,19,4,37
JAN-23 ,19,11,1
JAN-23 ,20,4,288616
JAN-23 ,20,9,62
JAN-23 ,20,11,197
JAN-23 ,21,4,110260
JAN-23 ,21,11,208
JAN-23 ,22,4,20732
JAN-23 ,22,9,3
JAN-23 ,22,11,2867
JAN-23 ,23,4,236
JAN-23 ,23,11,5
JAN-23 ,25,4,413496
JAN-23 ,25,9,2
JAN-23 ,25,11,70630
JAN-23 ,26,4,85494
JAN-23 ,26,11,286
JAN-23 ,29,4,902027
JAN-23 ,29,11,528098
JAN-23 ,30,4,6042
JAN-23 ,30,11,10396
JAN-23 ,30,18,311
JAN-23 ,34,4,1838616
JAN-23 ,34,11,89
JAN-23 ,49,4,951
JAN-23 ,49,11,7
